year,diff
133,-0.576656664
134,-0.584647702
135,-0.592565513
136,-0.600388192
137,-0.60744608
138,-0.614365028
139,-0.620475375
140,-0.627050729
141,-0.632125917
142,-0.637622303
143,-0.64222247
144,-0.64655227
145,-0.650589798
146,-0.65431315
147,-0.657700421
148,-0.66008195
149,-0.662731346
150,-0.664331191
151,-0.665507338
152,-0.666237881
153,-0.667217587
154,-0.666943675
155,-0.668085341
156,-0.668046924
157,-0.669414815
158,-0.67024111
159,-0.671168929
160,-0.672193637
161,-0.6733106
162,-0.675162937
163,-0.676450501
164,-0.67846417
165,-0.680551551
166,-0.682060255
167,-0.684281156
168,-0.686561865
169,-0.688897746
170,-0.691284163
171,-0.694364238
172,-0.696837823
173,-0.699995794
174,-0.702538005
175,-0.706403089
176,-0.708995385
177,-0.712253527
178,-0.71617288
179,-0.719453296
180,-0.722737896
181,-0.726669801
182,-0.729948863
183,-0.73386596
184,-0.737120943
185,-0.74100469
186,-0.74486481
187,-0.748696666
188,-0.752495625
189,-0.75625705
190,-0.760624062
191,-0.763648759
192,-0.767917528
193,-0.772130223
194,-0.775634453
195,-0.779721093
196,-0.783737753
197,-0.787032042
198,-0.791542592
199,-0.7953215
200,-0.799011886
201,-0.803256872
202,-0.806756311
203,-0.810801078
204,-0.814738783
205,-0.819212546
206,-0.822922221
207,-0.827158684
208,-0.831269543
209,-0.835897919
210,-0.839743666
211,-0.844097659
212,-0.848955264
213,-0.85366409
214,-0.8582195
215,-0.863264617
216,-0.868794804
217,-0.87424371
218,-0.880306597
219,-0.887755324
220,-0.896554311
221,-0.906667978
222,-0.917412988
223,-0.929401517
224,-0.941950227
225,-0.956319052
226,-0.971176898
227,-0.987783698
228,-1.004160602
229,-1.022215298
230,-1.040616694
231,-1.060624721
232,-1.080908287
233,-1.102727324
234,-1.125398494
235,-1.147590707
236,-1.171859404
237,-1.196225739
238,-1.221301886
239,-1.246404508
240,-1.272793539
241,-1.299137884
242,-1.32604972
243,-1.353493467
244,-1.381433543
245,-1.408538857
246,-1.436717095
247,-1.464637167
248,-1.49226349
249,-1.520208241
250,-1.547788084
251,-1.574967437
252,-1.601062964
253,-1.627334598
254,-1.653099001
255,-1.677672838
256,-1.702316039
257,-1.725049756
258,-1.746486165
259,-1.767885198
260,-1.787268006
261,-1.805246764
262,-1.822433648
263,-1.837544404
264,-1.851016402
265,-1.863618271
266,-1.876004547
267,-1.886238746
268,-1.894975402
269,-1.902869055
270,-1.909278728
271,-1.914211204
272,-1.917673264
273,-1.919671688
274,-1.920213258
275,-1.919304755
276,-1.916305205
277,-1.912516901
278,-1.907298868
279,-1.900010131
280,-1.891952984
281,-1.881190939
282,-1.870321802
283,-1.857409087
284,-1.843755086
285,-1.828071069
286,-1.811659328
287,-1.794526646
288,-1.776032048
289,-1.756182314
290,-1.735631982
291,-1.715035589
292,-1.693104405
293,-1.670492967
294,-1.647855811
295,-1.624551964
296,-1.601235962
297,-1.577914587
298,-1.553946864
299,-1.530635086
300,-1.507338279
301,-1.48471098
302,-1.461464457
303,-1.439548761
304,-1.418322916
305,-1.397145948
306,-1.37732015
307,-1.358852303
308,-1.339805921
309,-1.323426564
310,-1.306976551
311,-1.289984524
312,-1.272073736
313,-1.253406931
314,-1.233499094
315,-1.213160725
316,-1.192554567
317,-1.171843362
318,-1.150542098
319,-1.130109028
320,-1.109411383
321,-1.089259663
322,-1.069816611
323,-1.050597212
324,-1.032411965
325,-1.015423614
326,-0.998499389
327,-0.983097545
328,-0.969380825
329,-0.956216459
330,-0.944414946
331,-0.934139028
332,-0.92555145
333,-0.918167197
334,-0.912149012
335,-0.908307393
336,-0.906157329
337,-0.906509316
338,-0.908230587
339,-0.911979406
340,-0.915825874
341,-0.919156821
342,-0.921345907
343,-0.923062306
344,-0.92367968
345,-0.923219448
346,-0.922350783
347,-0.919799591
348,-0.916882801
349,-0.912974077
350,-0.908094834
351,-0.902914249
352,-0.896158225
353,-0.889143694
354,-0.880596561
355,-0.871833756
356,-0.862228941
357,-0.851803533
358,-0.840578952
359,-0.829224369
360,-0.817113448
361,-0.804267607
362,-0.791356018
363,-0.777752345
364,-0.76412576
365,-0.749849927
366,-0.735594018
367,-0.721379451
368,-0.706579889
369,-0.692512262
370,-0.678550231
371,-0.664715214
372,-0.650380872
373,-0.636864137
374,-0.62353867
375,-0.610425888
376,-0.598194966
377,-0.585571809
378,-0.573873347
379,-0.562473243
380,-0.55204067
381,-0.54194929
382,-0.532868276
383,-0.524171292
384,-0.51652751
385,-0.509310592
386,-0.502541957
387,-0.496243022
388,-0.491082961
389,-0.486435436
390,-0.482969621
391,-0.480059178
392,-0.477725525
393,-0.475990079
394,-0.474874258
395,-0.475047237
396,-0.475234921
397,-0.476834719
398,-0.479933229
399,-0.486125527
400,-0.493862301
401,-0.504185262
402,-0.515545098
403,-0.528335766
404,-0.541655709
405,-0.556546641
406,-0.571459248
407,-0.586787488
408,-0.602277559
409,-0.617027907
410,-0.631432487
411,-0.644589744
412,-0.65754139
413,-0.668738112
414,-0.677926111
415,-0.685499343
416,-0.691204008
417,-0.694786306
418,-0.695455035
419,-0.695871381
420,-0.696211354
421,-0.697755106
422,-0.699191765
423,-0.701153725
424,-0.702977869
425,-0.705296594
426,-0.708742295
427,-0.712004098
428,-0.715714399
429,-0.719210082
430,-0.723771297
431,-0.728734929
432,-0.734085616
433,-0.739807998
434,-0.745886714
435,-0.752306403
436,-0.759051705
437,-0.766755016
438,-0.774105461
439,-0.781735437
440,-0.790925096
441,-0.799715807
442,-0.808739967
443,-0.818629972
444,-0.828722703
445,-0.839002801
446,-0.850102662
447,-0.861359167
448,-0.872756957
449,-0.884928427
450,-0.897210461
451,-0.909587696
452,-0.92269253
453,-0.935861845
454,-0.949728037
455,-0.963627988
456,-0.977546339
457,-0.992115484
458,-1.006672307
459,-1.021849204
460,-1.0363353
461,-1.051410749
462,-1.067060189
463,-1.081972747
464,-1.097428575
465,-1.1121168
466,-1.127965329
467,-1.143015534
468,-1.158547567
469,-1.173250553
470,-1.188404646
471,-1.203346727
472,-1.218061437
473,-1.232533415
474,-1.246747299
475,-1.260039974
476,-1.27369159
477,-1.287039032
478,-1.299419181
479,-1.311464435
480,-1.323807187
481,-1.335136566
482,-1.34543721
483,-1.355341515
484,-1.36483412
485,-1.373251908
486,-1.381875032
487,-1.388744862
488,-1.395789305
489,-1.401049733
490,-1.406454054
491,-1.410691393
492,-1.413746392
493,-1.416251444
494,-1.418191191
495,-1.418902513
496,-1.419017808
497,-1.417873959
498,-1.41610336
499,-1.413042895
500,-1.409324959
501,-1.404934193
502,-1.399207478
503,-1.392777211
504,-1.38562803
505,-1.377750177
506,-1.368683267
507,-1.359183964
508,-1.349915585
509,-1.339598177
510,-1.329542814
511,-1.318469545
512,-1.307041687
513,-1.295922556
514,-1.284479958
515,-1.272729453
516,-1.260686602
517,-1.249014723
518,-1.237081619
519,-1.225550608
520,-1.21443725
521,-1.203109351
522,-1.191582471
523,-1.180519928
524,-1.169937282
525,-1.159850093
526,-1.149626168
527,-1.139928822
528,-1.130773617
529,-1.121528357
530,-1.113504115
531,-1.105420941
532,-1.097942151
533,-1.091731061
534,-1.084859965
535,-1.079287692
536,-1.074382047
537,-1.069510833
538,-1.065337369
539,-1.061877215
540,-1.058498176
541,-1.055863569
542,-1.053988954
543,-1.052242137
544,-1.051286435
545,-1.050489651
546,-1.050515104
547,-1.050730597
548,-1.051799449
549,-1.053089463
550,-1.054601444
551,-1.055604734
552,-1.056353356
553,-1.05557876
554,-1.053955665
555,-1.05215879
556,-1.048919585
557,-1.044265014
558,-1.03951755
559,-1.034056402
560,-1.027260775
561,-1.019157632
562,-1.010421692
563,-1.001079918
564,-0.98986376
565,-0.978743449
566,-0.96580268
567,-0.951716172
568,-0.937806399
569,-0.922157057
570,-0.905442863
571,-0.888338536
572,-0.870223284
573,-0.850476313
574,-0.830420098
575,-0.809433845
576,-0.787544518
577,-0.764779078
578,-0.741164489
579,-0.716727714
580,-0.691495714
581,-0.665495454
582,-0.639401651
583,-0.611945757
584,-0.584450246
585,-0.556294325
586,-0.527504956
587,-0.498109103
588,-0.468781484
589,-0.438901305
590,-0.409143286
591,-0.378886634
592,-0.348806066
593,-0.318280791
594,-0.287985526
595,-0.257947234
596,-0.228192878
597,-0.198101665
598,-0.168996069
599,-0.140255298
600,-0.111258557
601,-0.083976079
602,-0.056491556
603,-0.030127465
604,-0.004910768
605,0.019779328
606,0.043915861
607,0.066824112
608,0.087829362
609,0.108200161
610,0.127909545
611,0.14563504
612,0.161997439
613,0.176969779
614,0.190525098
615,0.202636433
616,0.213276821
617,0.221780601
618,0.229103563
619,0.237159571
620,0.244600093
621,0.252019865
622,0.25871811
623,0.264641807
624,0.270385693
625,0.275896746
626,0.280474191
627,0.284712762
628,0.287911684
629,0.290017935
630,0.292274008
631,0.292683614
632,0.293137
633,0.291637879
634,0.290076497
635,0.286456566
636,0.282668334
637,0.277363268
638,0.271136104
639,0.263933821
640,0.255055643
641,0.245744062
642,0.234650545
643,0.223017583
644,0.209496644
645,0.19533022
646,0.179817534
647,0.162905566
648,0.144541296
649,0.125319458
650,0.104539276
651,0.082149707
652,0.059785631
653,0.035789327
654,0.012115428
655,-0.011872456
656,-0.036162958
657,-0.06139247
658,-0.086901869
659,-0.111384277
660,-0.136771597
661,-0.162404707
662,-0.187624485
663,-0.212419565
664,-0.237426337
665,-0.261985679
666,-0.286086226
667,-0.310364367
668,-0.334160981
669,-0.357464703
670,-0.379616409
671,-0.401900246
672,-0.423009337
673,-0.443580072
674,-0.463601084
675,-0.483061009
676,-0.500652967
677,-0.518308862
678,-0.535369571
679,-0.550528216
680,-0.565068944
681,-0.578980389
682,-0.591603429
683,-0.602926698
684,-0.613586586
685,-0.623571728
686,-0.631575245
687,-0.639529041
688,-0.64547848
689,-0.650707709
690,-0.654557606
691,-0.657664562
692,-0.660018187
693,-0.66149731
694,-0.663180733
695,-0.664393965
696,-0.665110275
697,-0.665950687
698,-0.666888468
699,-0.667896885
700,-0.668949206
701,-0.669370943
702,-0.670430875
703,-0.670806758
704,-0.671767372
705,-0.671990471
706,-0.672744836
707,-0.673355979
708,-0.673797166
709,-0.674041665
710,-0.6747105
711,-0.674481427
712,-0.675270981
713,-0.675109161
714,-0.675912504
715,-0.677006521
716,-0.677068967
717,-0.677368622
718,-0.678526509
719,-0.678572629
720,-0.679423516
721,-0.679756927
722,-0.680841641
723,-0.681355413
724,-0.681919267
725,-0.683154227
726,-0.683738048
727,-0.684291753
728,-0.685436367
729,-0.686497401
730,-0.687448123
731,-0.6882618
732,-0.688911699
733,-0.690018845
734,-0.690260992
735,-0.691554677
736,-0.691929899
737,-0.692655437
738,-0.693056804
739,-0.693107266
740,-0.693427848
741,-0.693991817
742,-0.694124684
743,-0.693799717
744,-0.692990184
745,-0.692964864
746,-0.691753756
747,-0.690625642
748,-0.695636776
749,-0.693434684
750,-0.692772727
751,-0.693621576
752,-0.695951898
753,-0.698438852
754,-0.702348618
755,-0.707651866
756,-0.713023752
757,-0.719730458
758,-0.727742652
759,-0.736383249
760,-0.745622916
761,-0.755432323
762,-0.766429895
763,-0.777938546
764,-0.789928943
765,-0.803019513
766,-0.815885412
767,-0.829792822
768,-0.844064655
769,-0.858023825
770,-0.872936512
771,-0.888773386
772,-0.904209605
773,-0.919863592
774,-0.936353773
775,-0.952355305
776,-0.968486613
777,-0.985366123
778,-1.001668991
779,-1.018661398
780,-1.035018502
781,-1.052006484
782,-1.068948256
783,-1.085166732
784,-1.101928092
785,-1.118555251
786,-1.135018877
787,-1.151937395
788,-1.167985962
789,-1.184430759
790,-1.2005947
791,-1.216448453
792,-1.232610443
793,-1.248403584
794,-1.263798545
795,-1.279413751
796,-1.294572114
797,-1.309892061
798,-1.325344259
799,-1.340251622
800,-1.35458482
801,-1.369610033
802,-1.384002418
803,-1.398380401
804,-1.412066894
805,-1.426328079
806,-1.439839113
807,-1.453866176
808,-1.466436671
809,-1.479464533
810,-1.492272676
811,-1.504831769
812,-1.516464726
813,-1.528437726
814,-1.538778172
815,-1.550047757
816,-1.560273881
817,-1.570246821
818,-1.582228138
819,-1.594862462
820,-1.608087049
821,-1.623134667
822,-1.638647061
823,-1.654561487
824,-1.671462957
825,-1.688640971
826,-1.706680541
827,-1.724871168
828,-1.743150107
829,-1.761454615
830,-1.780369704
831,-1.798537118
832,-1.817189626
833,-1.83496897
834,-1.853107921
835,-1.870248221
836,-1.886974883
837,-1.902577407
838,-1.918288561
839,-1.93275009
840,-1.94589925
841,-1.958968808
842,-1.969952753
843,-1.98073161
844,-1.989947121
845,-1.997536544
846,-2.004084891
847,-2.008881661
848,-2.012511868
849,-2.014327432
850,-2.014429932
851,-2.013533925
852,-2.011058111
853,-2.008364457
854,-2.002928394
855,-1.9974074
856,-1.990572419
857,-1.983137661
858,-1.974521825
859,-1.965439122
860,-1.955308251
861,-1.944195667
862,-1.933463337
863,-1.921882204
864,-1.909518722
865,-1.897087103
866,-1.884006045
867,-1.870989759
868,-1.858104701
869,-1.844769568
870,-1.831698573
871,-1.818310413
872,-1.8053193
873,-1.792791689
874,-1.780146278
875,-1.767449523
876,-1.755415634
877,-1.744111067
878,-1.732027525
879,-1.718493988
880,-1.70354437
881,-1.685929717
882,-1.667639854
883,-1.64677807
884,-1.625334191
885,-1.601411506
886,-1.57699984
887,-1.550850239
888,-1.52300926
889,-1.494171217
890,-1.46373491
891,-1.433042409
892,-1.400197004
893,-1.36718852
894,-1.332120246
895,-1.296334251
896,-1.26052485
897,-1.22279533
898,-1.185135519
899,-1.14629646
900,-1.107620223
901,-1.067210098
902,-1.027703666
903,-0.987204216
904,-0.946406062
905,-0.906003517
906,-0.864747626
907,-0.824628215
908,-0.783748573
909,-0.74345077
910,-0.703133606
911,-0.663491395
912,-0.623922939
913,-0.585122551
914,-0.547136788
915,-0.510012207
916,-0.473795366
917,-0.437885067
918,-0.402975622
919,-0.369761345
920,-0.336993281
921,-0.3060135
922,-0.275573047
923,-0.247013991
924,-0.219735133
925,-0.193783032
926,-0.169204244
927,-0.146693083
928,-0.125000594
929,-0.105468846
930,-0.086848885
931,-0.071130537
932,-0.055769333
933,-0.0427551
934,-0.032134396
935,-0.022658265
936,-0.015021021
937,-0.009269221
938,-0.005449422
939,-0.003608182
940,-0.003144303
941,-0.005399853
942,-0.009125878
943,-0.015016691
944,-0.021916415
945,-0.029506859
946,-0.037773869
947,-0.046074765
948,-0.054414621
949,-0.063446271
950,-0.072527033
951,-0.082309739
952,-0.092151709
953,-0.102058018
954,-0.112033742
955,-0.122731713
956,-0.133509251
957,-0.14437143
958,-0.155971083
959,-0.167017774
960,-0.178164333
961,-0.190711349
962,-0.202072873
963,-0.214845006
964,-0.227089554
965,-0.239459349
966,-0.252607223
967,-0.26524274
968,-0.278666486
969,-0.292235783
970,-0.305307949
971,-0.319183573
972,-0.333219973
973,-0.348069982
974,-0.362443163
975,-0.377640103
976,-0.392370367
977,-0.407934543
978,-0.423042193
979,-0.438346149
980,-0.454499243
981,-0.470858795
982,-0.486782125
983,-0.50356982
984,-0.519931443
985,-0.537167582
986,-0.553987802
987,-0.571044933
988,-0.587696295
989,-0.605242477
990,-0.622393041
991,-0.639800819
992,-0.656823131
993,-0.673465052
994,-0.690379415
995,-0.707571295
996,-0.724588331
997,-0.741811787
998,-0.759230438
999,-0.776821098
1000,-0.795208333
1001,-0.813073443
1002,-0.831688754
1003,-0.849735564
1004,-0.867838442
1005,-0.885326445
1006,-0.902824139
1007,-0.920956093
1008,-0.937755852
1009,-0.955143494
1010,-0.971152565
1011,-0.987055389
1012,-1.00218102
1013,-1.017154029
1014,-1.031303469
1015,-1.044606155
1016,-1.057686653
1017,-1.069874019
1018,-1.081145067
1019,-1.091476607
1020,-1.101493208
1021,-1.110523926
1022,-1.118545574
1023,-1.126182718
1024,-1.132764415
1025,-1.138267478
1026,-1.143316474
1027,-1.14724046
1028,-1.150664002
1029,-1.152916159
1030,-1.154621496
1031,-1.155756828
1032,-1.156298965
1033,-1.155576964
1034,-1.154863149
1035,-1.153486576
1036,-1.1507763
1037,-1.148652403
1038,-1.145796184
1039,-1.142184455
1040,-1.138441784
1041,-1.13519274
1042,-1.131118622
1043,-1.126843998
1044,-1.122993437
1045,-1.118248239
1046,-1.114528483
1047,-1.109867714
1048,-1.106186012
1049,-1.103460189
1050,-1.100371545
1051,-1.097544647
1052,-1.095604065
1053,-1.093231098
1054,-1.092345827
1055,-1.09162955
1056,-1.091706837
1057,-1.092554499
1058,-1.094149349
1059,-1.095820443
1060,-1.098840104
1061,-1.102537389
1062,-1.106889109
1063,-1.111872078
1064,-1.118110862
1065,-1.125250016
1066,-1.133406961
1067,-1.143901298
1068,-1.156720476
1069,-1.170556433
1070,-1.186044378
1071,-1.203819516
1072,-1.222573786
1073,-1.243590151
1074,-1.265560549
1075,-1.288472432
1076,-1.313608761
1077,-1.339013719
1078,-1.366618026
1079,-1.394465864
1080,-1.422544682
1081,-1.452137445
1082,-1.482583847
1083,-1.512575826
1084,-1.544044101
1085,-1.575032854
1086,-1.606825049
1087,-1.638112624
1088,-1.669530786
1089,-1.700419229
1090,-1.73141316
1091,-1.761204518
1092,-1.790428509
1093,-1.81972034
1094,-1.84777195
1095,-1.874570789
1096,-1.900752064
1097,-1.925007714
1098,-1.948620701
1099,-1.97093072
1100,-1.991277465
1101,-2.010296144
1102,-2.027974207
1103,-2.043651348
1104,-2.058610531
1105,-2.070895938
1106,-2.081790531
1107,-2.091281761
1108,-2.098061568
1109,-2.104060669
1110,-2.107971004
1111,-2.109780022
1112,-2.110122931
1113,-2.108339426
1114,-2.105712468
1115,-2.100286241
1116,-2.09463922
1117,-2.086815586
1118,-2.077450547
1119,-2.066531554
1120,-2.054046056
1121,-2.041277018
1122,-2.02626862
1123,-2.010303827
1124,-1.994017845
1125,-1.976750367
1126,-1.95784109
1127,-1.938572976
1128,-1.918933476
1129,-1.898262283
1130,-1.877194605
1131,-1.855717893
1132,-1.833819597
1133,-1.811487167
1134,-1.789223494
1135,-1.765998243
1136,-1.741826767
1137,-1.718047449
1138,-1.693407652
1139,-1.667950247
1140,-1.643661377
1141,-1.618640645
1142,-1.593578681
1143,-1.568518358
1144,-1.543502549
1145,-1.519869638
1146,-1.495071475
1147,-1.4710942
1148,-1.447980687
1149,-1.424478296
1150,-1.401925413
1151,-1.38036491
1152,-1.359191905
1153,-1.337801513
1154,-1.317532121
1155,-1.297778845
1156,-1.278584558
1157,-1.260639889
1158,-1.242692199
1159,-1.225432117
1160,-1.208902516
1161,-1.193146269
1162,-1.178206248
1163,-1.163477571
1164,-1.149650867
1165,-1.136121252
1166,-1.124227112
1167,-1.112068052
1168,-1.100982455
1169,-1.091013197
1170,-1.080907636
1171,-1.072004159
1172,-1.064345638
1173,-1.056679434
1174,-1.049696176
1175,-1.044086493
1176,-1.038124237
1177,-1.031565623
1178,-1.023700145
1179,-1.013947224
1180,-1.003669552
1181,-0.991638795
1182,-0.978569889
1183,-0.964530012
1184,-0.949586344
1185,-0.933806062
1186,-0.917256345
1187,-0.900004373
1188,-0.881469569
1189,-0.863014622
1190,-0.8434112
1191,-0.823374238
1192,-0.802970914
1193,-0.782268408
1194,-0.760686142
1195,-0.738939051
1196,-0.717094313
1197,-0.695219108
1198,-0.673380614
1199,-0.651646011
1200,-0.62943472
1201,-0.607461677
1202,-0.585794061
1203,-0.56449905
1204,-0.542996068
1205,-0.522000048
1206,-0.50157817
1207,-0.481797613
1208,-0.462725555
1209,-0.443133664
1210,-0.425032385
1211,-0.407193387
1212,-0.390979359
1213,-0.374514213
1214,-0.359808395
1215,-0.344985816
1216,-0.332056922
1217,-0.319617244
1218,-0.307030875
1219,-0.295511937
1220,-0.283097779
1221,-0.27106453
1222,-0.259392808
1223,-0.247415473
1224,-0.235760899
1225,-0.223761947
1226,-0.212046989
1227,-0.199301132
1228,-0.187448259
1229,-0.175173477
1230,-0.162457402
1231,-0.149928408
1232,-0.1362716
1233,-0.123410862
1234,-0.1100313
1235,-0.096113531
1236,-0.082285928
1237,-0.067881352
1238,-0.053528177
1239,-0.038559264
1240,-0.023602985
1241,-0.007992201
1242,0.008292469
1243,0.024622653
1244,0.041017734
1245,0.058144851
1246,0.075375631
1247,0.094024968
1248,0.112168977
1249,0.131122553
1250,0.150257324
1251,0.170240428
1252,0.190443491
1253,0.210885897
1254,0.232882541
1255,0.254219215
1256,0.274356797
1257,0.293863146
1258,0.312147971
1259,0.329916495
1260,0.345930674
1261,0.361543485
1262,0.376164639
1263,0.389851603
1264,0.402661843
1265,0.414652825
1266,0.426529773
1267,0.437054641
1268,0.446284896
1269,0.455573515
1270,0.46433021
1271,0.471964691
1272,0.479182181
1273,0.486040147
1274,0.491948298
1275,0.496964101
1276,0.50179278
1277,0.505844044
1278,0.509175361
1279,0.512491952
1280,0.514555772
1281,0.5167198
1282,0.518393747
1283,0.518987322
1284,0.519205749
1285,0.518458738
1286,0.517451512
1287,0.516241537
1288,0.514238524
1289,0.511499939
1290,0.508731006
1291,0.505989189
1292,0.501388689
1293,0.497577996
1294,0.493319063
1295,0.488021603
1296,0.482390836
1297,0.477131987
1298,0.471007009
1299,0.465368882
1300,0.458979558
1301,0.452544262
1302,0.44612046
1303,0.43959276
1304,0.432155075
1305,0.424341377
1306,0.414851493
1307,0.404976271
1308,0.394063292
1309,0.382107891
1310,0.369105405
1311,0.355698928
1312,0.341236039
1313,0.327007586
1314,0.311713396
1315,0.295996559
1316,0.279852413
1317,0.263276294
1318,0.246911294
1319,0.229457239
1320,0.212852732
1321,0.195797598
1322,0.178287174
1323,0.162260064
1324,0.145768337
1325,0.129455085
1326,0.113963401
1327,0.098640866
1328,0.084130571
1329,0.069780097
1330,0.056232537
1331,0.044130984
1332,0.032175262
1333,0.021656219
1334,0.01127368
1335,0.002318493
1336,-0.005214004
1337,-0.012623988
1338,-0.017972854
1339,-0.023208534
1340,-0.026392422
1341,-0.029472451
1342,-0.031157771
1343,-0.031453047
1344,-0.031658454
1345,-0.029835387
1346,-0.027284022
1347,-0.024009022
1348,-0.020662807
1349,-0.015306772
1350,-0.009888849
1351,-0.00311819
1352,0.004352788
1353,0.011223906
1354,0.020081527
1355,0.027682207
1356,0.036612307
1357,0.046219406
1358,0.055851085
1359,0.064854925
1360,0.074521775
1361,0.083551459
1362,0.092587069
1363,0.102271698
1364,0.110657414
1365,0.119889547
1366,0.12985223
1367,0.140014751
1368,0.151588285
1369,0.164488494
1370,0.177983283
1371,0.191340559
1372,0.205771495
1373,0.21989624
1374,0.234925969
1375,0.249480832
1376,0.264772002
1377,0.280067386
1378,0.294634888
1379,0.309685683
1380,0.323839921
1381,0.338308775
1382,0.352360151
1383,0.365909712
1384,0.379520875
1385,0.392461545
1386,0.404647385
1387,0.416641812
1388,0.429008245
1389,0.439719076
1390,0.450633237
1391,0.461018632
1392,0.470790923
1393,0.480513529
1394,0.489454356
1395,0.497529064
1396,0.505948828
1397,0.513981554
1398,0.520895147
1399,0.527900782
1400,0.534914119
1401,0.54055531
1402,0.546683283
1403,0.552565946
1404,0.557095584
1405,0.564610449
1406,0.573462349
1407,0.584261345
1408,0.59696974
1409,0.612197596
1410,0.629907215
1411,0.649413147
1412,0.670677695
1413,0.694310919
1414,0.718979611
1415,0.746589344
1416,0.776454666
1417,0.807242368
1418,0.840210267
1419,0.87467291
1420,0.911240359
1421,0.94922716
1422,0.987947863
1423,1.028660283
1424,1.071326724
1425,1.113966222
1426,1.157836594
1427,1.202900143
1428,1.249119174
1429,1.295160479
1430,1.342281873
1431,1.389150149
1432,1.436375368
1433,1.483272076
1434,1.53109809
1435,1.578520203
1436,1.624205205
1437,1.670706426
1438,1.716042902
1439,1.760176936
1440,1.803718588
1441,1.845982408
1442,1.886930698
1443,1.927173519
1444,1.965377663
1445,2.001505434
1446,2.036814648
1447,2.069324341
1448,2.100292329
1449,2.129680917
1450,2.156889958
1451,2.182559957
1452,2.206828637
1453,2.229694308
1454,2.251803033
1455,2.271857608
1456,2.291799609
1457,2.309036321
1458,2.326157075
1459,2.341864667
1460,2.356157405
1461,2.369681354
1462,2.381787065
1463,2.392472846
1464,2.403032518
1465,2.412168876
1466,2.421175741
1467,2.428755908
1468,2.436203198
1469,2.442868163
1470,2.44874911
1471,2.45513986
1472,2.460095452
1473,2.465557464
1474,2.470876446
1475,2.476698463
1476,2.481078555
1477,2.487253809
1478,2.492631511
1479,2.49850548
1480,2.504874023
1481,2.511087694
1482,2.518440312
1483,2.525634672
1484,2.53331684
1485,2.542132879
1486,2.551433342
1487,2.561216535
1488,2.571416226
1489,2.58211605
1490,2.592574403
1491,2.602837478
1492,2.613599226
1493,2.623610326
1494,2.634212484
1495,2.645451894
1496,2.656079237
1497,2.667436217
1498,2.678921272
1499,2.68993284
1500,2.701812625
1501,2.713959064
1502,2.725770596
1503,2.737941168
1504,2.750516975
1505,2.762896453
1506,2.775773551
1507,2.788546708
1508,2.801262115
1509,2.814613723
1510,2.827352212
1511,2.841467044
1512,2.854413387
1513,2.867532948
1514,2.880871919
1515,2.894476493
1516,2.907745108
1517,2.921371713
1518,2.934754745
1519,2.948588153
1520,2.962270375
1521,2.975847603
1522,2.990013787
1523,3.003519609
1524,3.017706772
1525,3.031973715
1526,3.046240968
1527,3.059246341
1528,3.071324336
1529,3.081210173
1530,3.089582343
1531,3.097767091
1532,3.103204126
1533,3.10786745
1534,3.11114004
1535,3.113700386
1536,3.11428371
1537,3.114216256
1538,3.112233246
1539,3.110308682
1540,3.107177785
1541,3.103519045
1542,3.098067684
1543,3.092149945
1544,3.085796564
1545,3.078390518
1546,3.070610296
1547,3.062486631
1548,3.053402501
1549,3.044036396
1550,3.034419049
1551,3.023933437
1552,3.01325805
1553,3.002423622
1554,2.991460886
1555,2.979752819
1556,2.967977911
1557,2.956166895
1558,2.94370275
1559,2.931263963
1560,2.91888127
1561,2.906585402
1562,2.893111583
1563,2.880433812
1564,2.866639557
1565,2.853702817
1566,2.839711059
1567,2.825990529
1568,2.811924202
1569,2.79819057
1570,2.782877098
1571,2.768605543
1572,2.75346337
1573,2.738129069
1574,2.722633374
1575,2.706359261
1576,2.690632977
1577,2.673541987
1578,2.657060292
1579,2.639275358
1580,2.622161186
1581,2.604452999
1582,2.586181528
1583,2.568025264
1584,2.549367185
1585,2.530238023
1586,2.511316268
1587,2.492632654
1588,2.472922403
1589,2.453464119
1590,2.433634116
1591,2.412583504
1592,2.391608128
1593,2.36941281
1594,2.345997884
1595,2.322659197
1596,2.298101571
1597,2.272973095
1598,2.248569616
1599,2.222948199
1600,2.196756935
1601,2.170643914
1602,2.144609469
1603,2.118653936
1604,2.092777647
1605,2.066333182
1606,2.041264141
1607,2.016275348
1608,1.991367135
1609,1.966539838
1610,1.943089302
1611,1.920368105
1612,1.897728825
1613,1.876467309
1614,1.855936134
1615,1.83678339
1616,1.818361657
1617,1.800671266
1618,1.784360309
1619,1.770076876
1620,1.756525788
1621,1.743707381
1622,1.732917498
1623,1.72350872
1624,1.71548138
1625,1.708188055
1626,1.703572349
1627,1.69904357
1628,1.697193077
1629,1.696077937
1630,1.696346238
1631,1.697998316
1632,1.70168226
1633,1.706102892
1634,1.711260546
1635,1.718451069
1636,1.726379282
1637,1.735693275
1638,1.746393383
1639,1.757832183
1640,1.769362253
1641,1.783574952
1642,1.797231834
1643,1.811628744
1644,1.827413773
1645,1.843291743
1646,1.859910743
1647,1.87664635
1648,1.894552833
1649,1.912464997
1650,1.932301407
1651,1.952094092
1652,1.971818348
1653,1.992744985
1654,2.014201542
1655,2.034867805
1656,2.056014582
1657,2.077617171
1658,2.099003111
1659,2.120147699
1660,2.141026232
1661,2.160966252
1662,2.181238566
1663,2.200522959
1664,2.219442484
1665,2.237324681
1666,2.255440361
1667,2.27182155
1668,2.287091302
1669,2.302520426
1670,2.31614095
1671,2.329223682
1672,2.341743921
1673,2.35238145
1674,2.361759322
1675,2.37050059
1676,2.378580551
1677,2.384031232
1678,2.389418956
1679,2.393423506
1680,2.39602018
1681,2.39783203
1682,2.397538841
1683,2.397059178
1684,2.394425068
1685,2.390907322
1686,2.386481236
1687,2.380474349
1688,2.373509717
1689,2.364914878
1690,2.355960641
1691,2.344679036
1692,2.332988627
1693,2.319569199
1694,2.306339316
1695,2.290683251
1696,2.274540301
1697,2.257733231
1698,2.241109768
1699,2.223368873
1700,2.205800538
1701,2.187751481
1702,2.170511692
1703,2.152780134
1704,2.134551286
1705,2.115819622
1706,2.097875131
1707,2.079416779
1708,2.061734554
1709,2.04352742
1710,2.026085365
1711,2.008107355
1712,1.990235621
1713,1.973112397
1714,1.955436646
1715,1.939146115
1716,1.922292009
1717,1.90616432
1718,1.890109766
1719,1.874122825
1720,1.858845729
1721,1.843625198
1722,1.829103466
1723,1.814627252
1724,1.80083879
1725,1.787084799
1726,1.774007512
1727,1.761601407
1728,1.749213202
1729,1.737485131
1730,1.725763915
1731,1.715339542
1732,1.704910976
1733,1.69512045
1734,1.685314685
1735,1.676783668
1736,1.668226366
1737,1.659637253
1738,1.652306319
1739,1.644932528
1740,1.638805869
1741,1.63197755
1742,1.627033072
1743,1.621375887
1744,1.61694374
1745,1.612435595
1746,1.608493685
1747,1.605112487
1748,1.602286476
1749,1.599362374
1750,1.596982414
1751,1.59514107
1752,1.593832821
1753,1.592404386
1754,1.591459375
1755,1.589678777
1756,1.585877148
1757,1.58084956
1758,1.574743327
1759,1.56705801
1760,1.55858868
1761,1.548834895
1762,1.539239485
1763,1.528006495
1764,1.515930997
1765,1.50445582
1766,1.492432765
1767,1.479361394
1768,1.466684532
1769,1.454549496
1770,1.441808089
1771,1.429903138
1772,1.418334203
1773,1.407248599
1774,1.397441398
1775,1.387764403
1776,1.379660441
1777,1.372629072
1778,1.366169855
1779,1.361725619
1780,1.358795921
1781,1.356880322
1782,1.357421649
1783,1.359919461
1784,1.363873318
1785,1.3706871
1786,1.378084662
1787,1.384512883
1788,1.391289622
1789,1.397789471
1790,1.404034777
1791,1.40940013
1792,1.41520339
1793,1.42017139
1794,1.425621991
1795,1.430929783
1796,1.436117112
1797,1.441206327
1798,1.446219773
1799,1.451179798
1800,1.456756505
1801,1.462324484
1802,1.467258326
1803,1.472875891
1804,1.477904013
1805,1.483660552
1806,1.489520097
1807,1.495504996
1808,1.501637597
1809,1.507940245
1810,1.514435287
1811,1.521145072
1812,1.528739701
1813,1.535946009
1814,1.542786344
1815,1.55122632
1816,1.55869726
1817,1.567164779
1818,1.575355712
1819,1.583940163
1820,1.592292721
1821,1.601083489
1822,1.610334816
1823,1.61942129
1824,1.629013017
1825,1.63783683
1826,1.647858344
1827,1.657156638
1828,1.667049571
1829,1.676911734
1830,1.686765474
1831,1.695985382
1832,1.705889317
1833,1.715851869
1834,1.725893856
1835,1.73591868
1836,1.745201205
1837,1.754376196
1838,1.76343066
1839,1.772351603
1840,1.780478278
1841,1.788445447
1842,1.796240119
1843,1.803201544
1844,1.809964485
1845,1.815868195
1846,1.821547435
1847,1.826989215
1848,1.83218054
1849,1.835812906
1850,1.83981659
1851,1.842883085
1852,1.845647155
1853,1.847448052
1854,1.848920539
1855,1.850051623
1856,1.850180556
1857,1.849942101
1858,1.849323265
1859,1.848311056
1860,1.846244724
1861,1.843759034
1862,1.840840992
1863,1.837477606
1864,1.833655884
1865,1.830010588
1866,1.824585458
1867,1.819310769
1868,1.813525773
1869,1.807217476
1870,1.800372887
1871,1.792979013
1872,1.785670616
1873,1.777786949
1874,1.769315018
1875,1.760889587
1876,1.751849907
1877,1.742182986
1878,1.733171342
1879,1.723506472
1880,1.713823138
1881,1.703460593
1882,1.693701354
1883,1.683236918
1884,1.672702048
1885,1.662731507
1886,1.652664547
1887,1.642488174
1888,1.632189397
1889,1.622404503
1890,1.613362251
1891,1.604582555
1892,1.597356196
1893,1.589735179
1894,1.584305798
1895,1.579120057
1896,1.574820982
1897,1.5720516
1898,1.570807183
1899,1.570435246
1900,1.570931059