Year,Gini index (linear lagged),Location
500,NA,UUSS
501,NA,UUSS
502,NA,UUSS
503,NA,UUSS
504,NA,UUSS
505,NA,UUSS
506,NA,UUSS
507,NA,UUSS
508,NA,UUSS
509,NA,UUSS
510,NA,UUSS
511,NA,UUSS
512,NA,UUSS
513,NA,UUSS
514,NA,UUSS
515,NA,UUSS
516,NA,UUSS
517,NA,UUSS
518,NA,UUSS
519,NA,UUSS
520,0.28,UUSS
521,0.28,UUSS
522,0.28,UUSS
523,0.28,UUSS
524,0.28,UUSS
525,0.28,UUSS
526,0.28,UUSS
527,0.28,UUSS
528,0.28,UUSS
529,0.28,UUSS
530,0.28,UUSS
531,0.28,UUSS
532,0.28,UUSS
533,0.28,UUSS
534,0.28,UUSS
535,0.28,UUSS
536,0.28,UUSS
537,0.28,UUSS
538,0.28,UUSS
539,0.28,UUSS
540,0.28,UUSS
541,0.28,UUSS
542,0.28,UUSS
543,0.28,UUSS
544,0.28,UUSS
545,0.28,UUSS
546,0.28,UUSS
547,0.28,UUSS
548,0.28,UUSS
549,0.28,UUSS
550,0.28,UUSS
551,0.28,UUSS
552,0.28,UUSS
553,0.28,UUSS
554,0.28,UUSS
555,0.28,UUSS
556,0.28,UUSS
557,0.28,UUSS
558,0.28,UUSS
559,0.28,UUSS
560,0.28,UUSS
561,0.28,UUSS
562,0.28,UUSS
563,0.28,UUSS
564,0.28,UUSS
565,0.28,UUSS
566,0.28,UUSS
567,0.28,UUSS
568,0.28,UUSS
569,0.28,UUSS
570,0.28,UUSS
571,0.28,UUSS
572,0.28,UUSS
573,0.28,UUSS
574,0.28,UUSS
575,0.28,UUSS
576,0.28,UUSS
577,0.28,UUSS
578,0.28,UUSS
579,0.28,UUSS
580,0.28,UUSS
581,0.28,UUSS
582,0.28,UUSS
583,0.28,UUSS
584,0.28,UUSS
585,0.28,UUSS
586,0.28,UUSS
587,0.28,UUSS
588,0.28,UUSS
589,0.28,UUSS
590,0.28,UUSS
591,0.28,UUSS
592,0.28,UUSS
593,0.28,UUSS
594,0.28,UUSS
595,0.28,UUSS
596,0.28,UUSS
597,0.28,UUSS
598,0.28,UUSS
599,0.28,UUSS
601,0.2804761904761905,UUSS
602,0.2814285714285715,UUSS
603,0.2828571428571429,UUSS
604,0.2847619047619048,UUSS
605,0.2871428571428572,UUSS
606,0.29000000000000004,UUSS
607,0.2933333333333334,UUSS
608,0.29714285714285715,UUSS
609,0.30142857142857143,UUSS
610,0.3061904761904762,UUSS
611,0.31142857142857144,UUSS
612,0.3171428571428571,UUSS
613,0.3233333333333333,UUSS
614,0.33,UUSS
615,0.33714285714285713,UUSS
616,0.34476190476190477,UUSS
617,0.3528571428571428,UUSS
618,0.36142857142857143,UUSS
619,0.3704761904761905,UUSS
620,0.38000000000000006,UUSS
621,0.39000000000000007,UUSS
622,0.39000000000000007,UUSS
623,0.39000000000000007,UUSS
624,0.39000000000000007,UUSS
625,0.39000000000000007,UUSS
626,0.39000000000000007,UUSS
627,0.39000000000000007,UUSS
628,0.39000000000000007,UUSS
629,0.39000000000000007,UUSS
630,0.39000000000000007,UUSS
631,0.39000000000000007,UUSS
632,0.39000000000000007,UUSS
633,0.39000000000000007,UUSS
634,0.39000000000000007,UUSS
635,0.39000000000000007,UUSS
636,0.39000000000000007,UUSS
637,0.39000000000000007,UUSS
638,0.39000000000000007,UUSS
639,0.39000000000000007,UUSS
640,0.39000000000000007,UUSS
641,0.39000000000000007,UUSS
642,0.39000000000000007,UUSS
643,0.39000000000000007,UUSS
644,0.39000000000000007,UUSS
645,0.39000000000000007,UUSS
646,0.39000000000000007,UUSS
647,0.39000000000000007,UUSS
648,0.39000000000000007,UUSS
649,0.39000000000000007,UUSS
650,0.39000000000000007,UUSS
651,0.39000000000000007,UUSS
652,0.39000000000000007,UUSS
653,0.39000000000000007,UUSS
654,0.39000000000000007,UUSS
655,0.39000000000000007,UUSS
656,0.39000000000000007,UUSS
657,0.39000000000000007,UUSS
658,0.39000000000000007,UUSS
659,0.39000000000000007,UUSS
660,0.39000000000000007,UUSS
661,0.39000000000000007,UUSS
662,0.39000000000000007,UUSS
663,0.39000000000000007,UUSS
664,0.39000000000000007,UUSS
665,0.39000000000000007,UUSS
666,0.39000000000000007,UUSS
667,0.39000000000000007,UUSS
668,0.39000000000000007,UUSS
669,0.39000000000000007,UUSS
670,0.39000000000000007,UUSS
671,0.39000000000000007,UUSS
672,0.39000000000000007,UUSS
673,0.39000000000000007,UUSS
674,0.39000000000000007,UUSS
675,0.39000000000000007,UUSS
676,0.39000000000000007,UUSS
677,0.39000000000000007,UUSS
678,0.39000000000000007,UUSS
679,0.39000000000000007,UUSS
680,0.39000000000000007,UUSS
681,0.39000000000000007,UUSS
682,0.39000000000000007,UUSS
683,0.39000000000000007,UUSS
684,0.39000000000000007,UUSS
685,0.39000000000000007,UUSS
686,0.39000000000000007,UUSS
687,0.39000000000000007,UUSS
688,0.39000000000000007,UUSS
689,0.39000000000000007,UUSS
690,0.39000000000000007,UUSS
691,0.39000000000000007,UUSS
692,0.39000000000000007,UUSS
693,0.39000000000000007,UUSS
694,0.39000000000000007,UUSS
695,0.39000000000000007,UUSS
696,0.39000000000000007,UUSS
697,0.39000000000000007,UUSS
698,0.39000000000000007,UUSS
699,0.39000000000000007,UUSS
701,0.3894372294372295,UUSS
702,0.3883116883116884,UUSS
703,0.3866233766233767,UUSS
704,0.3843722943722945,UUSS
705,0.3815584415584416,UUSS
706,0.37818181818181823,UUSS
707,0.3742424242424243,UUSS
708,0.3697402597402598,UUSS
709,0.3646753246753247,UUSS
710,0.3590476190476191,UUSS
711,0.3528571428571429,UUSS
712,0.34610389610389614,UUSS
713,0.3387878787878788,UUSS
714,0.33090909090909093,UUSS
715,0.3224675324675325,UUSS
716,0.3134632034632035,UUSS
717,0.30389610389610394,UUSS
718,0.2937662337662338,UUSS
719,0.2830735930735931,UUSS
720,0.27181818181818185,UUSS
721,0.26,UUSS
722,0.26,UUSS
723,0.26,UUSS
724,0.26,UUSS
725,0.26,UUSS
726,0.26,UUSS
727,0.26,UUSS
728,0.26,UUSS
729,0.26,UUSS
730,0.26,UUSS
731,0.26,UUSS
732,0.26,UUSS
733,0.26,UUSS
734,0.26,UUSS
735,0.26,UUSS
736,0.26,UUSS
737,0.26,UUSS
738,0.26,UUSS
739,0.26,UUSS
740,0.26,UUSS
741,0.26,UUSS
742,0.26,UUSS
743,0.26,UUSS
744,0.26,UUSS
745,0.26,UUSS
746,0.26,UUSS
747,0.26,UUSS
748,0.26,UUSS
749,0.26,UUSS
750,0.26,UUSS
751,0.26,UUSS
752,0.26,UUSS
753,0.26,UUSS
754,0.26,UUSS
755,0.26,UUSS
756,0.26,UUSS
757,0.26,UUSS
758,0.26,UUSS
759,0.26,UUSS
760,0.26,UUSS
761,0.26,UUSS
762,0.26,UUSS
763,0.26,UUSS
764,0.26,UUSS
765,0.26,UUSS
766,0.26,UUSS
767,0.26,UUSS
768,0.26,UUSS
769,0.26,UUSS
770,0.26,UUSS
771,0.26,UUSS
772,0.26,UUSS
773,0.26,UUSS
774,0.26,UUSS
775,0.26,UUSS
776,0.26,UUSS
777,0.26,UUSS
778,0.26,UUSS
779,0.26,UUSS
780,0.26,UUSS
781,0.26,UUSS
782,0.26,UUSS
783,0.26,UUSS
784,0.26,UUSS
785,0.26,UUSS
786,0.26,UUSS
787,0.26,UUSS
788,0.26,UUSS
789,0.26,UUSS
791,0.26051948051948054,UUSS
792,0.26155844155844155,UUSS
793,0.26311688311688314,UUSS
794,0.2651948051948052,UUSS
795,0.2677922077922078,UUSS
796,0.27090909090909093,UUSS
797,0.27454545454545454,UUSS
798,0.2787012987012987,UUSS
799,0.28337662337662334,UUSS
800,0.28857142857142853,UUSS
801,0.2942857142857143,UUSS
802,0.30051948051948046,UUSS
803,0.3072727272727273,UUSS
804,0.3145454545454545,UUSS
805,0.3223376623376624,UUSS
806,0.3306493506493507,UUSS
807,0.33948051948051955,UUSS
808,0.3488311688311689,UUSS
809,0.3587012987012987,UUSS
810,0.3690909090909091,UUSS
811,0.38,UUSS
812,0.38,UUSS
813,0.38,UUSS
814,0.38,UUSS
815,0.38,UUSS
816,0.38,UUSS
817,0.38,UUSS
818,0.38,UUSS
819,0.38,UUSS
820,0.38,UUSS
821,0.38,UUSS
822,0.38,UUSS
823,0.38,UUSS
824,0.38,UUSS
825,0.38,UUSS
826,0.38,UUSS
827,0.38,UUSS
828,0.38,UUSS
829,0.38,UUSS
830,0.38,UUSS
831,0.38,UUSS
832,0.38,UUSS
833,0.38,UUSS
834,0.38,UUSS
835,0.38,UUSS
836,0.38,UUSS
837,0.38,UUSS
838,0.38,UUSS
839,0.38,UUSS
840,0.38,UUSS
841,0.38,UUSS
842,0.38,UUSS
843,0.38,UUSS
844,0.38,UUSS
845,0.38,UUSS
846,0.38,UUSS
847,0.38,UUSS
848,0.38,UUSS
849,0.38,UUSS
850,0.38,UUSS
851,0.38,UUSS
852,0.38,UUSS
853,0.38,UUSS
854,0.38,UUSS
855,0.38,UUSS
856,0.38,UUSS
857,0.38,UUSS
858,0.38,UUSS
859,0.38,UUSS
860,0.38,UUSS
861,0.38,UUSS
862,0.38,UUSS
863,0.38,UUSS
864,0.38,UUSS
865,0.38,UUSS
866,0.38,UUSS
867,0.38,UUSS
868,0.38,UUSS
869,0.38,UUSS
870,0.38,UUSS
871,0.38,UUSS
872,0.38,UUSS
873,0.38,UUSS
874,0.38,UUSS
875,0.38,UUSS
876,0.38,UUSS
877,0.38,UUSS
878,0.38,UUSS
879,0.38,UUSS
880,0.38,UUSS
881,0.38,UUSS
882,0.38,UUSS
883,0.38,UUSS
884,0.38,UUSS
885,0.38,UUSS
886,0.38,UUSS
887,0.38,UUSS
888,0.38,UUSS
889,0.38,UUSS
891,0.380995670995671,UUSS
892,0.382987012987013,UUSS
893,0.38597402597402597,UUSS
894,0.38995670995670995,UUSS
895,0.3949350649350649,UUSS
896,0.4009090909090909,UUSS
897,0.40787878787878795,UUSS
898,0.4158441558441559,UUSS
899,0.42480519480519485,UUSS
900,0.4347619047619048,UUSS
901,0.44571428571428573,UUSS
902,0.45766233766233766,UUSS
903,0.4706060606060606,UUSS
904,0.4845454545454545,UUSS
905,0.4994805194805194,UUSS
906,0.5154112554112554,UUSS
907,0.5323376623376623,UUSS
908,0.5502597402597402,UUSS
909,0.5691774891774891,UUSS
910,0.589090909090909,UUSS
911,0.6099999999999999,UUSS
912,0.6099999999999999,UUSS
913,0.6099999999999999,UUSS
914,0.6099999999999999,UUSS
915,0.6099999999999999,UUSS
916,0.6099999999999999,UUSS
917,0.6099999999999999,UUSS
918,0.6099999999999999,UUSS
919,0.6099999999999999,UUSS
920,0.6099999999999999,UUSS
921,0.6099999999999999,UUSS
922,0.6099999999999999,UUSS
923,0.6099999999999999,UUSS
924,0.6099999999999999,UUSS
925,0.6099999999999999,UUSS
926,0.6099999999999999,UUSS
927,0.6099999999999999,UUSS
928,0.6099999999999999,UUSS
929,0.6099999999999999,UUSS
930,0.6099999999999999,UUSS
931,0.6099999999999999,UUSS
932,0.6099999999999999,UUSS
933,0.6099999999999999,UUSS
934,0.6099999999999999,UUSS
935,0.6099999999999999,UUSS
936,0.6099999999999999,UUSS
937,0.6099999999999999,UUSS
938,0.6099999999999999,UUSS
939,0.6099999999999999,UUSS
940,0.6099999999999999,UUSS
941,0.6099999999999999,UUSS
942,0.6099999999999999,UUSS
943,0.6099999999999999,UUSS
944,0.6099999999999999,UUSS
945,0.6099999999999999,UUSS
946,0.6099999999999999,UUSS
947,0.6099999999999999,UUSS
948,0.6099999999999999,UUSS
949,0.6099999999999999,UUSS
950,0.6099999999999999,UUSS
951,0.6099999999999999,UUSS
952,0.6099999999999999,UUSS
953,0.6099999999999999,UUSS
954,0.6099999999999999,UUSS
955,0.6099999999999999,UUSS
956,0.6099999999999999,UUSS
957,0.6099999999999999,UUSS
958,0.6099999999999999,UUSS
959,0.6099999999999999,UUSS
960,0.6099999999999999,UUSS
961,0.6099999999999999,UUSS
962,0.6099999999999999,UUSS
963,0.6099999999999999,UUSS
964,0.6099999999999999,UUSS
965,0.6099999999999999,UUSS
966,0.6099999999999999,UUSS
967,0.6099999999999999,UUSS
968,0.6099999999999999,UUSS
969,0.6099999999999999,UUSS
970,0.6099999999999999,UUSS
971,0.6099999999999999,UUSS
972,0.6099999999999999,UUSS
973,0.6099999999999999,UUSS
974,0.6099999999999999,UUSS
975,0.6099999999999999,UUSS
976,0.6099999999999999,UUSS
977,0.6099999999999999,UUSS
978,0.6099999999999999,UUSS
979,0.6099999999999999,UUSS
980,0.6099999999999999,UUSS
981,0.6099999999999999,UUSS
982,0.6099999999999999,UUSS
983,0.6099999999999999,UUSS
984,0.6099999999999999,UUSS
985,0.6099999999999999,UUSS
986,0.6099999999999999,UUSS
987,0.6099999999999999,UUSS
988,0.6099999999999999,UUSS
989,0.6099999999999999,UUSS
990,0.6099999999999999,UUSS
991,0.6099999999999999,UUSS
992,0.6099999999999999,UUSS
993,0.6099999999999999,UUSS
994,0.6099999999999999,UUSS
995,0.6099999999999999,UUSS
996,0.6099999999999999,UUSS
997,0.6099999999999999,UUSS
998,0.6099999999999999,UUSS
999,0.6099999999999999,UUSS
1000,0.6099999999999999,UUSS
1001,0.6099999999999999,UUSS
1002,0.6099999999999999,UUSS
1003,0.6099999999999999,UUSS
1004,0.6099999999999999,UUSS
1005,0.6099999999999999,UUSS
1006,0.6099999999999999,UUSS
1007,0.6099999999999999,UUSS
1008,0.6099999999999999,UUSS
1009,0.6099999999999999,UUSS
1010,0.6099999999999999,UUSS
1011,0.6099999999999999,UUSS
1012,0.6099999999999999,UUSS
1013,0.6099999999999999,UUSS
1014,0.6099999999999999,UUSS
1015,0.6099999999999999,UUSS
1016,0.6099999999999999,UUSS
1017,0.6099999999999999,UUSS
1018,0.6099999999999999,UUSS
1019,0.6099999999999999,UUSS
1020,0.6099999999999999,UUSS
1021,0.6099999999999999,UUSS
1022,0.6099999999999999,UUSS
1023,0.6099999999999999,UUSS
1024,0.6099999999999999,UUSS
1025,0.6099999999999999,UUSS
1026,0.6099999999999999,UUSS
1027,0.6099999999999999,UUSS
1028,0.6099999999999999,UUSS
1029,0.6099999999999999,UUSS
1030,0.6099999999999999,UUSS
1031,0.6099999999999999,UUSS
1032,0.6099999999999999,UUSS
1033,0.6099999999999999,UUSS
1034,0.6099999999999999,UUSS
1036,0.609004329004329,UUSS
1037,0.607012987012987,UUSS
1038,0.6040259740259739,UUSS
1039,0.6000432900432899,UUSS
1040,0.5950649350649351,UUSS
1041,0.5890909090909091,UUSS
1042,0.582121212121212,UUSS
1043,0.5741558441558441,UUSS
1044,0.565194805194805,UUSS
1045,0.5552380952380952,UUSS
1046,0.5442857142857143,UUSS
1047,0.5323376623376623,UUSS
1048,0.5193939393939394,UUSS
1049,0.5054545454545455,UUSS
1050,0.4905194805194806,UUSS
1051,0.47458874458874467,UUSS
1052,0.45766233766233777,UUSS
1053,0.43974025974025976,UUSS
1054,0.4208225108225109,UUSS
1055,0.40090909090909094,UUSS
1056,0.38,UUSS
1057,0.38,UUSS
1058,0.38,UUSS
1059,0.38,UUSS
1060,0.38,UUSS
1061,0.38,UUSS
1062,0.38,UUSS
1063,0.38,UUSS
1064,0.38,UUSS
1065,0.38,UUSS
1066,0.38,UUSS
1067,0.38,UUSS
1068,0.38,UUSS
1069,0.38,UUSS
1070,0.38,UUSS
1071,0.38,UUSS
1072,0.38,UUSS
1073,0.38,UUSS
1074,0.38,UUSS
1075,0.38,UUSS
1076,0.38,UUSS
1077,0.38,UUSS
1078,0.38,UUSS
1079,0.38,UUSS
1080,0.38,UUSS
1081,0.38,UUSS
1082,0.38,UUSS
1083,0.38,UUSS
1084,0.38,UUSS
1085,0.38,UUSS
1086,0.38,UUSS
1087,0.38,UUSS
1088,0.38,UUSS
1089,0.38,UUSS
1090,0.38,UUSS
1091,0.38,UUSS
1092,0.38,UUSS
1093,0.38,UUSS
1094,0.38,UUSS
1095,0.38,UUSS
1096,0.38,UUSS
1097,0.38,UUSS
1098,0.38,UUSS
1099,0.38,UUSS
1100,0.38,UUSS
1101,0.38,UUSS
1102,0.38,UUSS
1103,0.38,UUSS
1104,0.38,UUSS
1105,0.38,UUSS
1106,0.38,UUSS
1107,0.38,UUSS
1108,0.38,UUSS
1109,0.38,UUSS
1110,0.38,UUSS
1111,0.38,UUSS
1112,0.38,UUSS
1113,0.38,UUSS
1114,0.38,UUSS
1115,0.38,UUSS
1116,0.38,UUSS
1117,0.38,UUSS
1118,0.38,UUSS
1119,0.38,UUSS
1120,0.38,UUSS
1121,0.38,UUSS
1122,0.38,UUSS
1123,0.38,UUSS
1124,0.38,UUSS
1125,0.38,UUSS
1126,0.38,UUSS
1127,0.38,UUSS
1128,0.38,UUSS
1129,0.38,UUSS
1130,0.38,UUSS
1131,0.38,UUSS
1132,0.38,UUSS
1133,0.38,UUSS
1134,0.38,UUSS
1135,0.38,UUSS
1136,0.38,UUSS
1137,0.38,UUSS
1138,0.38,UUSS
1139,0.38,UUSS
1140,0.38,UUSS
1141,0.38,UUSS
1142,0.38,UUSS
1143,0.38,UUSS
1144,0.38,UUSS
1146,0.3797402597402597,UUSS
1147,0.37922077922077924,UUSS
1148,0.37844155844155847,UUSS
1149,0.3774025974025974,UUSS
1150,0.37610389610389616,UUSS
1151,0.3745454545454546,UUSS
1152,0.3727272727272728,UUSS
1153,0.3706493506493507,UUSS
1154,0.36831168831168837,UUSS
1155,0.36571428571428577,UUSS
1156,0.3628571428571429,UUSS
1157,0.3597402597402598,UUSS
1158,0.35636363636363644,UUSS
1159,0.3527272727272728,UUSS
1160,0.3488311688311688,UUSS
1161,0.3446753246753247,UUSS
1162,0.34025974025974026,UUSS
1163,0.33558441558441554,UUSS
1164,0.33064935064935064,UUSS
1165,0.32545454545454544,UUSS
1166,0.32,UUSS
1167,0.32,UUSS
1168,0.32,UUSS
1169,0.32,UUSS
1170,0.32,UUSS
1171,0.32,UUSS
1172,0.32,UUSS
1173,0.32,UUSS
1174,0.32,UUSS
1175,0.32,UUSS
1176,0.32,UUSS
1177,0.32,UUSS
1178,0.32,UUSS
1179,0.32,UUSS
1180,0.32,UUSS
1181,0.32,UUSS
1182,0.32,UUSS
1183,0.32,UUSS
1184,0.32,UUSS
1185,0.32,UUSS
1186,0.32,UUSS
1187,0.32,UUSS
1188,0.32,UUSS
1189,0.32,UUSS
1190,0.32,UUSS
1191,0.32,UUSS
1192,0.32,UUSS
1193,0.32,UUSS
1194,0.32,UUSS
1195,0.32,UUSS
1196,0.32,UUSS
1197,0.32,UUSS
1198,0.32,UUSS
1199,0.32,UUSS
1201,0.3198701298701298,UUSS
1202,0.3196103896103896,UUSS
1203,0.31922077922077924,UUSS
1204,0.31870129870129865,UUSS
1205,0.3180519480519481,UUSS
1206,0.3172727272727272,UUSS
1207,0.31636363636363635,UUSS
1208,0.3153246753246753,UUSS
1209,0.31415584415584413,UUSS
1210,0.3128571428571428,UUSS
1211,0.31142857142857144,UUSS
1212,0.3098701298701298,UUSS
1213,0.30818181818181817,UUSS
1214,0.3063636363636364,UUSS
1215,0.3044155844155844,UUSS
1216,0.30233766233766235,UUSS
1217,0.30012987012987014,UUSS
1218,0.2977922077922078,UUSS
1219,0.2953246753246753,UUSS
1220,0.2927272727272727,UUSS
1221,0.29,UUSS
1222,0.29,UUSS
1223,0.29,UUSS
1224,0.29,UUSS
1225,0.29,UUSS
1226,0.29,UUSS
1227,0.29,UUSS
1228,0.29,UUSS
1229,0.29,UUSS
1230,0.29,UUSS
1231,0.29,UUSS
1232,0.29,UUSS
1233,0.29,UUSS
1234,0.29,UUSS
1235,0.29,UUSS
1236,0.29,UUSS
1237,0.29,UUSS
1238,0.29,UUSS
1239,0.29,UUSS
1240,0.29,UUSS
1241,0.29,UUSS
1242,0.29,UUSS
1243,0.29,UUSS
1244,0.29,UUSS
1245,0.29,UUSS
1246,0.29,UUSS
1247,0.29,UUSS
1248,0.29,UUSS
1249,0.29,UUSS
1250,0.29,UUSS
1251,0.29,UUSS
1252,0.29,UUSS
1253,0.29,UUSS
1254,0.29,UUSS
1255,0.29,UUSS
1256,0.29,UUSS
1257,0.29,UUSS
1258,0.29,UUSS
1259,0.29,UUSS
1260,0.29,UUSS
1261,0.29,UUSS
1262,0.29,UUSS
1263,0.29,UUSS
1264,0.29,UUSS
1265,0.29,UUSS
1266,0.29,UUSS
1267,0.29,UUSS
1268,0.29,UUSS
1269,0.29,UUSS
1270,0.29,UUSS
1271,0.29,UUSS
1272,0.29,UUSS
1273,0.29,UUSS
1274,0.29,UUSS
1275,0.29,UUSS
1276,0.29,UUSS
1277,0.29,UUSS
1278,0.29,UUSS
1279,0.29,UUSS
1280,0.29,UUSS
1281,0.29,UUSS
1282,0.29,UUSS
1283,0.29,UUSS
1284,0.29,UUSS
600,NA,CMV
601,NA,CMV
602,NA,CMV
603,NA,CMV
604,NA,CMV
605,NA,CMV
606,NA,CMV
607,NA,CMV
608,NA,CMV
609,NA,CMV
610,NA,CMV
611,NA,CMV
612,NA,CMV
613,NA,CMV
614,NA,CMV
615,NA,CMV
616,NA,CMV
617,NA,CMV
618,NA,CMV
619,NA,CMV
620,0.33702948491225443,CMV
621,0.33702948491225443,CMV
622,0.33702948491225443,CMV
623,0.33702948491225443,CMV
624,0.33702948491225443,CMV
625,0.33702948491225443,CMV
626,0.33702948491225443,CMV
627,0.33702948491225443,CMV
628,0.33702948491225443,CMV
629,0.33702948491225443,CMV
630,0.33702948491225443,CMV
631,0.33702948491225443,CMV
632,0.33702948491225443,CMV
633,0.33702948491225443,CMV
634,0.33702948491225443,CMV
635,0.33702948491225443,CMV
636,0.33702948491225443,CMV
637,0.33702948491225443,CMV
638,0.33702948491225443,CMV
639,0.33702948491225443,CMV
640,0.33702948491225443,CMV
641,0.33702948491225443,CMV
642,0.33702948491225443,CMV
643,0.33702948491225443,CMV
644,0.33702948491225443,CMV
645,0.33702948491225443,CMV
646,0.33702948491225443,CMV
647,0.33702948491225443,CMV
648,0.33702948491225443,CMV
649,0.33702948491225443,CMV
650,0.33702948491225443,CMV
651,0.33702948491225443,CMV
652,0.33702948491225443,CMV
653,0.33702948491225443,CMV
654,0.33702948491225443,CMV
655,0.33702948491225443,CMV
656,0.33702948491225443,CMV
657,0.33702948491225443,CMV
658,0.33702948491225443,CMV
659,0.33702948491225443,CMV
660,0.33702948491225443,CMV
661,0.33702948491225443,CMV
662,0.33702948491225443,CMV
663,0.33702948491225443,CMV
664,0.33702948491225443,CMV
665,0.33702948491225443,CMV
666,0.33702948491225443,CMV
667,0.33702948491225443,CMV
668,0.33702948491225443,CMV
669,0.33702948491225443,CMV
670,0.33702948491225443,CMV
671,0.33702948491225443,CMV
672,0.33702948491225443,CMV
673,0.33702948491225443,CMV
674,0.33702948491225443,CMV
675,0.33702948491225443,CMV
676,0.33702948491225443,CMV
677,0.33702948491225443,CMV
678,0.33702948491225443,CMV
679,0.33702948491225443,CMV
680,0.33702948491225443,CMV
681,0.33702948491225443,CMV
682,0.33702948491225443,CMV
683,0.33702948491225443,CMV
684,0.33702948491225443,CMV
685,0.33702948491225443,CMV
686,0.33702948491225443,CMV
687,0.33702948491225443,CMV
688,0.33702948491225443,CMV
689,0.33702948491225443,CMV
690,0.33702948491225443,CMV
691,0.33702948491225443,CMV
692,0.33702948491225443,CMV
693,0.33702948491225443,CMV
694,0.33702948491225443,CMV
695,0.33702948491225443,CMV
696,0.33702948491225443,CMV
697,0.33702948491225443,CMV
698,0.33702948491225443,CMV
699,0.33702948491225443,CMV
700,0.33702948491225443,CMV
701,0.33702948491225443,CMV
702,0.33702948491225443,CMV
703,0.33702948491225443,CMV
704,0.33702948491225443,CMV
705,0.33702948491225443,CMV
706,0.33702948491225443,CMV
707,0.33702948491225443,CMV
708,0.33702948491225443,CMV
709,0.33702948491225443,CMV
710,0.33702948491225443,CMV
711,0.33702948491225443,CMV
712,0.33702948491225443,CMV
713,0.33702948491225443,CMV
714,0.33702948491225443,CMV
715,0.33702948491225443,CMV
716,0.33702948491225443,CMV
717,0.33702948491225443,CMV
718,0.33702948491225443,CMV
719,0.33702948491225443,CMV
720,0.33702948491225443,CMV
721,0.33702948491225443,CMV
722,0.33702948491225443,CMV
723,0.33702948491225443,CMV
724,0.33702948491225443,CMV
725,0.33681320094458167,CMV
726,0.3363806330092361,CMV
727,0.33573178110621776,CMV
728,0.3348666452355266,CMV
729,0.3337852253971627,CMV
730,0.33248752159112605,CMV
731,0.33097353381741657,CMV
732,0.3292432620760343,CMV
733,0.3272967063669793,CMV
734,0.32513386669025146,CMV
735,0.3227547430458509,CMV
736,0.3201593354337775,CMV
737,0.3173476438540313,CMV
738,0.31431966830661234,CMV
739,0.3110754087915206,CMV
740,0.3076148653087561,CMV
741,0.3039380378583188,CMV
742,0.30004492644020875,CMV
743,0.2959355310544259,CMV
744,0.2916098517009702,CMV
745,0.28706788837984176,CMV
746,0.28706788837984176,CMV
747,0.28706788837984176,CMV
748,0.28706788837984176,CMV
749,0.28706788837984176,CMV
750,0.28706788837984176,CMV
751,0.28706788837984176,CMV
752,0.28706788837984176,CMV
753,0.28706788837984176,CMV
754,0.28706788837984176,CMV
755,0.28706788837984176,CMV
756,0.28706788837984176,CMV
757,0.28706788837984176,CMV
758,0.28706788837984176,CMV
759,0.28706788837984176,CMV
760,0.28706788837984176,CMV
761,0.28706788837984176,CMV
762,0.28706788837984176,CMV
763,0.28706788837984176,CMV
764,0.28706788837984176,CMV
765,0.28706788837984176,CMV
766,0.28706788837984176,CMV
767,0.28706788837984176,CMV
768,0.28706788837984176,CMV
769,0.28706788837984176,CMV
770,0.28706788837984176,CMV
771,0.28706788837984176,CMV
772,0.28706788837984176,CMV
773,0.28706788837984176,CMV
774,0.28706788837984176,CMV
775,0.28706788837984176,CMV
776,0.28706788837984176,CMV
777,0.28706788837984176,CMV
778,0.28706788837984176,CMV
779,0.28706788837984176,CMV
780,0.28706788837984176,CMV
781,0.28706788837984176,CMV
782,0.28706788837984176,CMV
783,0.28706788837984176,CMV
784,0.28706788837984176,CMV
785,0.28706788837984176,CMV
786,0.28706788837984176,CMV
787,0.28706788837984176,CMV
788,0.28706788837984176,CMV
789,0.28706788837984176,CMV
790,0.28706788837984176,CMV
791,0.28706788837984176,CMV
792,0.28706788837984176,CMV
793,0.28706788837984176,CMV
794,0.28706788837984176,CMV
795,0.28706788837984176,CMV
796,0.28706788837984176,CMV
797,0.28706788837984176,CMV
798,0.28706788837984176,CMV
799,0.28706788837984176,CMV
800,0.2873046092438704,CMV
801,0.28777805097192766,CMV
802,0.2884882135640135,CMV
803,0.28943509702012804,CMV
804,0.2906187013402711,CMV
805,0.2920390265244429,CMV
806,0.29369607257264324,CMV
807,0.2955898394848723,CMV
808,0.2977203272611299,CMV
809,0.3000875359014161,CMV
810,0.302691465405731,CMV
811,0.30553211577407446,CMV
812,0.30860948700644664,CMV
813,0.3119235791028474,CMV
814,0.31547439206327677,CMV
815,0.3192619258877348,CMV
816,0.3232861805762214,CMV
817,0.32754715612873664,CMV
818,0.33204485254528054,CMV
819,0.33677926982585304,CMV
820,0.3417504079704542,CMV
821,0.3417504079704542,CMV
822,0.3417504079704542,CMV
823,0.3417504079704542,CMV
824,0.3417504079704542,CMV
825,0.3417504079704542,CMV
826,0.3417504079704542,CMV
827,0.3417504079704542,CMV
828,0.3417504079704542,CMV
829,0.3417504079704542,CMV
830,0.3417504079704542,CMV
831,0.3417504079704542,CMV
832,0.3417504079704542,CMV
833,0.3417504079704542,CMV
834,0.3417504079704542,CMV
835,0.3417504079704542,CMV
836,0.3417504079704542,CMV
837,0.3417504079704542,CMV
838,0.3417504079704542,CMV
839,0.3417504079704542,CMV
840,0.341424346592966,CMV
841,0.3407722238379897,CMV
842,0.33979403970552524,CMV
843,0.33848979419557257,CMV
844,0.3368594873081318,CMV
845,0.33490311904320286,CMV
846,0.3326206894007857,CMV
847,0.3300121983808805,CMV
848,0.32707764598348704,CMV
849,0.3238170322086054,CMV
850,0.3202303570562357,CMV
851,0.3163176205263778,CMV
852,0.3120788226190317,CMV
853,0.30751396333419745,CMV
854,0.30262304267187506,CMV
855,0.29740606063206454,CMV
856,0.2918630172147658,CMV
857,0.28599391241997896,CMV
858,0.2797987462477039,CMV
859,0.2732775186979407,CMV
860,0.26643022977068936,CMV
861,0.26643022977068936,CMV
862,0.26643022977068936,CMV
863,0.26643022977068936,CMV
864,0.26643022977068936,CMV
865,0.26643022977068936,CMV
866,0.26643022977068936,CMV
867,0.26643022977068936,CMV
868,0.26643022977068936,CMV
869,0.26643022977068936,CMV
870,0.26643022977068936,CMV
871,0.26643022977068936,CMV
872,0.26643022977068936,CMV
873,0.26643022977068936,CMV
874,0.26643022977068936,CMV
875,0.26643022977068936,CMV
876,0.26643022977068936,CMV
877,0.26643022977068936,CMV
878,0.26643022977068936,CMV
879,0.26643022977068936,CMV
880,0.26582348066536465,CMV
881,0.2646099824547152,CMV
882,0.262789735138741,CMV
883,0.2603627387174421,CMV
884,0.2573289931908185,CMV
885,0.25368849855887016,CMV
886,0.24944125482159707,CMV
887,0.24458726197899927,CMV
888,0.23912652003107676,CMV
889,0.23305902897782954,CMV
890,0.22638478881925755,CMV
891,0.21910379955536086,CMV
892,0.21121606118613945,CMV
893,0.20272157371159333,CMV
894,0.1936203371317225,CMV
895,0.1839123514465269,CMV
896,0.1735976166560066,CMV
897,0.16267613276016157,CMV
898,0.15114789975899184,CMV
899,0.13901291765249735,CMV
900,0.12627118644067814,CMV
901,0.12627118644067814,CMV
902,0.12627118644067814,CMV
903,0.12627118644067814,CMV
904,0.12627118644067814,CMV
905,0.12627118644067814,CMV
906,0.12627118644067814,CMV
907,0.12627118644067814,CMV
908,0.12627118644067814,CMV
909,0.12627118644067814,CMV
910,0.12627118644067814,CMV
911,0.12627118644067814,CMV
912,0.12627118644067814,CMV
913,0.12627118644067814,CMV
914,0.12627118644067814,CMV
915,0.12627118644067814,CMV
916,0.12627118644067814,CMV
917,0.12627118644067814,CMV
918,0.12627118644067814,CMV
919,0.12627118644067814,CMV
920,0.1267582157355982,CMV
921,0.12773227432543827,CMV
922,0.1291933622101984,CMV
923,0.13114147938987855,CMV
924,0.13357662586447877,CMV
925,0.136498801633999,CMV
926,0.13990800669843928,CMV
927,0.1438042410577996,CMV
928,0.14818750471208,CMV
929,0.1530577976612804,CMV
930,0.15841511990540086,CMV
931,0.16425947144444134,CMV
932,0.17059085227840184,CMV
933,0.17740926240728241,CMV
934,0.18471470183108302,CMV
935,0.19250717054980368,CMV
936,0.20078666856344438,CMV
937,0.2095531958720051,CMV
938,0.21880675247548587,CMV
939,0.2285473383738867,CMV
940,0.23877495356720754,CMV
941,0.23877495356720754,CMV
942,0.23877495356720754,CMV
943,0.23877495356720754,CMV
944,0.23877495356720754,CMV
945,0.23877495356720754,CMV
946,0.23877495356720754,CMV
947,0.23877495356720754,CMV
948,0.23877495356720754,CMV
949,0.23877495356720754,CMV
950,0.23877495356720754,CMV
951,0.23877495356720754,CMV
952,0.23877495356720754,CMV
953,0.23877495356720754,CMV
954,0.23877495356720754,CMV
955,0.23877495356720754,CMV
956,0.23877495356720754,CMV
957,0.23877495356720754,CMV
958,0.23877495356720754,CMV
959,0.23877495356720754,CMV
960,0.23877495356720754,CMV
961,0.23877495356720754,CMV
962,0.23877495356720754,CMV
963,0.23877495356720754,CMV
964,0.23877495356720754,CMV
965,0.23877495356720754,CMV
966,0.23877495356720754,CMV
967,0.23877495356720754,CMV
968,0.23877495356720754,CMV
969,0.23877495356720754,CMV
970,0.23877495356720754,CMV
971,0.23877495356720754,CMV
972,0.23877495356720754,CMV
973,0.23877495356720754,CMV
974,0.23877495356720754,CMV
975,0.23877495356720754,CMV
976,0.23877495356720754,CMV
977,0.23877495356720754,CMV
978,0.23877495356720754,CMV
979,0.23877495356720754,CMV
980,0.23824572262701607,CMV
981,0.23718726074663313,CMV
982,0.2355995679260587,CMV
983,0.23348264416529288,CMV
984,0.23083648946433552,CMV
985,0.22766110382318674,CMV
986,0.2239564872418465,CMV
987,0.21972263972031478,CMV
988,0.21495956125859159,CMV
989,0.20966725185667692,CMV
990,0.2038457115145708,CMV
991,0.19749494023227324,CMV
992,0.19061493800978416,CMV
993,0.18320570484710366,CMV
994,0.17526724074423164,CMV
995,0.16679954570116823,CMV
996,0.15780261971791332,CMV
997,0.14827646279446693,CMV
998,0.13822107493082908,CMV
999,0.12763645612699975,CMV
1000,0.11652260638297898,CMV
1001,0.11652260638297898,CMV
1002,0.11652260638297898,CMV
1003,0.11652260638297898,CMV
1004,0.11652260638297898,CMV
1005,0.11652260638297898,CMV
1006,0.11652260638297898,CMV
1007,0.11652260638297898,CMV
1008,0.11652260638297898,CMV
1009,0.11652260638297898,CMV
1010,0.11652260638297898,CMV
1011,0.11652260638297898,CMV
1012,0.11652260638297898,CMV
1013,0.11652260638297898,CMV
1014,0.11652260638297898,CMV
1015,0.11652260638297898,CMV
1016,0.11652260638297898,CMV
1017,0.11652260638297898,CMV
1018,0.11652260638297898,CMV
1019,0.11652260638297898,CMV
1020,0.11712133644000043,CMV
1021,0.11831879655404333,CMV
1022,0.12011498672510766,CMV
1023,0.12250990695319346,CMV
1024,0.1255035572383007,CMV
1025,0.1290959375804294,CMV
1026,0.13328704797957952,CMV
1027,0.1380768884357511,CMV
1028,0.14346545894894414,CMV
1029,0.14945275951915862,CMV
1030,0.15603879014639455,CMV
1031,0.16322355083065193,CMV
1032,0.17100704157193078,CMV
1033,0.17938926237023103,CMV
1034,0.18837021322555278,CMV
1035,0.19794989413789593,CMV
1036,0.20812830510726055,CMV
1037,0.21890544613364663,CMV
1038,0.23028131721705414,CMV
1039,0.2422559183574831,CMV
1040,0.2548292495549335,CMV
1041,0.2548292495549335,CMV
1042,0.2548292495549335,CMV
1043,0.2548292495549335,CMV
1044,0.2548292495549335,CMV
1045,0.2548292495549335,CMV
1046,0.2548292495549335,CMV
1047,0.2548292495549335,CMV
1048,0.2548292495549335,CMV
1049,0.2548292495549335,CMV
1050,0.2548292495549335,CMV
1051,0.2548292495549335,CMV
1052,0.2548292495549335,CMV
1053,0.2548292495549335,CMV
1054,0.2548292495549335,CMV
1055,0.2548292495549335,CMV
1056,0.2548292495549335,CMV
1057,0.2548292495549335,CMV
1058,0.2548292495549335,CMV
1059,0.2548292495549335,CMV
1060,0.2549137930158194,CMV
1061,0.25508287993759116,CMV
1062,0.2553365103202488,CMV
1063,0.2556746841637923,CMV
1064,0.2560974014682217,CMV
1065,0.25660466223353695,CMV
1066,0.2571964664597381,CMV
1067,0.2578728141468251,CMV
1068,0.25863370529479796,CMV
1069,0.25947913990365673,CMV
1070,0.2604091179734014,CMV
1071,0.2614236395040319,CMV
1072,0.2625227044955483,CMV
1073,0.2637063129479506,CMV
1074,0.26497446486123877,CMV
1075,0.2663271602354128,CMV
1076,0.2677643990704727,CMV
1077,0.26928618136641846,CMV
1078,0.27089250712325014,CMV
1079,0.27258337634096763,CMV
1080,0.27435878901957106,CMV
1081,0.27435878901957106,CMV
1082,0.27435878901957106,CMV
1083,0.27435878901957106,CMV
1084,0.27435878901957106,CMV
1085,0.27435878901957106,CMV
1086,0.27435878901957106,CMV
1087,0.27435878901957106,CMV
1088,0.27435878901957106,CMV
1089,0.27435878901957106,CMV
1090,0.27435878901957106,CMV
1091,0.27435878901957106,CMV
1092,0.27435878901957106,CMV
1093,0.27435878901957106,CMV
1094,0.27435878901957106,CMV
1095,0.27435878901957106,CMV
1096,0.27435878901957106,CMV
1097,0.27435878901957106,CMV
1098,0.27435878901957106,CMV
1099,0.27435878901957106,CMV
1100,0.2753432926937744,CMV
1101,0.2773123000421811,CMV
1102,0.28026581106479115,CMV
1103,0.2842038257616045,CMV
1104,0.2891263441326213,CMV
1105,0.2950333661778413,CMV
1106,0.3019248918972648,CMV
1107,0.30980092129089154,CMV
1108,0.3186614543587217,CMV
1109,0.32850649110075514,CMV
1110,0.339336031516992,CMV
1111,0.3511500756074321,CMV
1112,0.3639486233720756,CMV
1113,0.3777316748109225,CMV
1114,0.3924992299239727,CMV
1115,0.4082512887112263,CMV
1116,0.4249878511726832,CMV
1117,0.44270891730834344,CMV
1118,0.46141448711820704,CMV
1119,0.48110456060227397,CMV
1120,0.5017791377605443,CMV
1121,0.5017791377605443,CMV
1122,0.5017791377605443,CMV
1123,0.5017791377605443,CMV
1124,0.5017791377605443,CMV
1125,0.5017791377605443,CMV
1126,0.5017791377605443,CMV
1127,0.5017791377605443,CMV
1128,0.5017791377605443,CMV
1129,0.5017791377605443,CMV
1130,0.5017791377605443,CMV
1131,0.5017791377605443,CMV
1132,0.5017791377605443,CMV
1133,0.5017791377605443,CMV
1134,0.5017791377605443,CMV
1135,0.5017791377605443,CMV
1136,0.5017791377605443,CMV
1137,0.5017791377605443,CMV
1138,0.5017791377605443,CMV
1139,0.5017791377605443,CMV
1140,0.5003997036391388,CMV
1141,0.49764083539632775,CMV
1142,0.4935025330321112,CMV
1143,0.4879847965464892,CMV
1144,0.48108762593946164,CMV
1145,0.47281102121102847,CMV
1146,0.4631549823611899,CMV
1147,0.4521195093899459,CMV
1148,0.43970460229729624,CMV
1149,0.42591026108324115,CMV
1150,0.41073648574778054,CMV
1151,0.3941832762909144,CMV
1152,0.3762506327126427,CMV
1153,0.35693855501296556,CMV
1154,0.33624704319188287,CMV
1155,0.3141760972493947,CMV
1156,0.29072571718550105,CMV
1157,0.2658959030002018,CMV
1158,0.23968665469349706,CMV
1159,0.21209797226538682,CMV
1160,0.1831298557158711,CMV
1161,0.1831298557158711,CMV
1162,0.1831298557158711,CMV
1163,0.1831298557158711,CMV
1164,0.1831298557158711,CMV
1165,0.1831298557158711,CMV
1166,0.1831298557158711,CMV
1167,0.1831298557158711,CMV
1168,0.1831298557158711,CMV
1169,0.1831298557158711,CMV
1170,0.1831298557158711,CMV
1171,0.1831298557158711,CMV
1172,0.1831298557158711,CMV
1173,0.1831298557158711,CMV
1174,0.1831298557158711,CMV
1175,0.1831298557158711,CMV
1176,0.1831298557158711,CMV
1177,0.1831298557158711,CMV
1178,0.1831298557158711,CMV
1179,0.1831298557158711,CMV
1180,0.18398361146934622,CMV
1181,0.18569112297629653,CMV
1182,0.18825239023672202,CMV
1183,0.1916674132506227,CMV
1184,0.1959361920179985,CMV
1185,0.20105872653884943,CMV
1186,0.2070350168131756,CMV
1187,0.21386506284097684,CMV
1188,0.22154886462225332,CMV
1189,0.23008642215700492,CMV
1190,0.23947773544523165,CMV
1191,0.24972280448693362,CMV
1192,0.2608216292821107,CMV
1193,0.27277420983076295,CMV
1194,0.28558054613289036,CMV
1195,0.29924063818849295,CMV
1196,0.31375448599757066,CMV
1197,0.32912208956012357,CMV
1198,0.34534344887615165,CMV
1199,0.36241856394565486,CMV
1200,0.38034743476863325,CMV
1201,0.38034743476863325,CMV
1202,0.38034743476863325,CMV
1203,0.38034743476863325,CMV
1204,0.38034743476863325,CMV
1205,0.38034743476863325,CMV
1206,0.38034743476863325,CMV
1207,0.38034743476863325,CMV
1208,0.38034743476863325,CMV
1209,0.38034743476863325,CMV
1210,0.38034743476863325,CMV
1211,0.38034743476863325,CMV
1212,0.38034743476863325,CMV
1213,0.38034743476863325,CMV
1214,0.38034743476863325,CMV
1215,0.38034743476863325,CMV
1216,0.38034743476863325,CMV
1217,0.38034743476863325,CMV
1218,0.38034743476863325,CMV
1219,0.38034743476863325,CMV
1220,0.38034743476863325,CMV
1221,0.38034743476863325,CMV
1222,0.38034743476863325,CMV
1223,0.38034743476863325,CMV
1224,0.38034743476863325,CMV
1225,0.37991156283002075,CMV
1226,0.37903981895279576,CMV
1227,0.3777322031369585,CMV
1228,0.3759887153825086,CMV
1229,0.37380935568944623,CMV
1230,0.37119412405777136,CMV
1231,0.3681430204874841,CMV
1232,0.36465604497858434,CMV
1233,0.3607331975310721,CMV
1234,0.35637447814494744,CMV
1235,0.3515798868202102,CMV
1236,0.34634942355686055,CMV
1237,0.3406830883548984,CMV
1238,0.33458088121432383,CMV
1239,0.32804280213513676,CMV
1240,0.32106885111733724,CMV
1241,0.3136590281609252,CMV
1242,0.30581333326590077,CMV
1243,0.2975317664322638,CMV
1244,0.2888143276600144,CMV
1245,0.2796610169491525,CMV
1246,0.2796610169491525,CMV
1247,0.2796610169491525,CMV
1248,0.2796610169491525,CMV
1249,0.2796610169491525,CMV
1250,0.2796610169491525,CMV
1251,0.2796610169491525,CMV
1252,0.2796610169491525,CMV
1253,0.2796610169491525,CMV
1254,0.2796610169491525,CMV
1255,0.2796610169491525,CMV
1256,0.2796610169491525,CMV
1257,0.2796610169491525,CMV
1258,0.2796610169491525,CMV
1259,0.2796610169491525,CMV
1260,0.2794549873598409,CMV
1261,0.27904292818121784,CMV
1262,0.2784248394132831,CMV
1263,0.2776007210560369,CMV
1264,0.2765705731094791,CMV
1265,0.2753343955736097,CMV
1266,0.27389218844842883,CMV
1267,0.27224395173393634,CMV
1268,0.27038968543013225,CMV
1269,0.2683293895370166,CMV
1270,0.26606306405458946,CMV
1271,0.2635907089828507,CMV
1272,0.2609123243218004,CMV
1273,0.25802791007143855,CMV
1274,0.2549374662317651,CMV
1275,0.25164099280278013,CMV
1276,0.24813848978448355,CMV
1277,0.24442995717687543,CMV
1278,0.24051539497995578,CMV
1279,0.23639480319372452,CMV
