Year,Statistic,Momentary population,Momentary population (Gaussian centered),Momentary population (linear lagged)
600,Total,2931.561980194884,NA,NA
601,Total,2931.561980194884,NA,NA
602,Total,2931.561980194884,NA,NA
603,Total,2931.561980194884,NA,NA
604,Total,2931.561980194884,NA,NA
605,Total,2931.561980194884,NA,NA
606,Total,2931.561980194884,NA,NA
607,Total,2931.561980194884,NA,NA
608,Total,2931.561980194884,NA,NA
609,Total,2931.561980194884,NA,NA
610,Total,2931.561980194884,2931.56198019488,NA
611,Total,2931.561980194884,2931.56198019488,NA
612,Total,2931.561980194884,2931.56198019488,NA
613,Total,2931.561980194884,2931.56198019488,NA
614,Total,2931.561980194884,2931.56198019488,NA
615,Total,2931.561980194884,2931.56198019488,NA
616,Total,2931.561980194884,2931.56198019488,NA
617,Total,2931.561980194884,2931.56198019488,NA
618,Total,2931.561980194884,2931.56198019488,NA
619,Total,2931.561980194884,2931.56198019488,NA
620,Total,2931.561980194884,2931.56198019488,2931.56198019488
621,Total,2931.561980194884,2931.56198019488,2931.56198019488
622,Total,2931.561980194884,2931.56198019488,2931.56198019488
623,Total,2931.561980194884,2931.56198019488,2931.56198019488
624,Total,2931.561980194884,2931.56198019488,2931.56198019488
625,Total,2931.561980194884,2931.56198019488,2931.56198019488
626,Total,2931.561980194884,2931.56198019488,2931.56198019488
627,Total,2931.561980194884,2931.56198019488,2931.56198019488
628,Total,2931.561980194884,2931.56198019488,2931.56198019488
629,Total,2931.561980194884,2931.56198019488,2931.56198019488
630,Total,2931.561980194884,2931.56198019488,2931.56198019488
631,Total,2931.561980194884,2931.56198019488,2931.56198019488
632,Total,2931.561980194884,2931.56198019488,2931.56198019488
633,Total,2931.561980194884,2931.56198019488,2931.56198019488
634,Total,2931.561980194884,2931.56198019488,2931.56198019488
635,Total,2931.561980194884,2931.56198019488,2931.56198019488
636,Total,2931.561980194884,2931.56198019488,2931.56198019488
637,Total,2931.561980194884,2931.56198019488,2931.56198019488
638,Total,2931.561980194884,2931.56198019488,2931.56198019488
639,Total,2931.561980194884,2931.56198019488,2931.56198019488
640,Total,2931.561980194884,2931.56198019488,2931.56198019488
641,Total,2931.561980194884,2931.56198019488,2931.56198019488
642,Total,2931.561980194884,2931.56198019488,2931.56198019488
643,Total,2931.561980194884,2931.56198019488,2931.56198019488
644,Total,2931.561980194884,2931.56198019488,2931.56198019488
645,Total,2931.561980194884,2931.56198019488,2931.56198019488
646,Total,2931.561980194884,2931.56198019488,2931.56198019488
647,Total,2931.561980194884,2931.56198019488,2931.56198019488
648,Total,2931.561980194884,2931.56198019488,2931.56198019488
649,Total,2931.561980194884,2931.56198019488,2931.56198019488
650,Total,2931.561980194884,2931.56198019488,2931.56198019488
651,Total,2931.561980194884,2931.56198019488,2931.56198019488
652,Total,2931.561980194884,2931.56198019488,2931.56198019488
653,Total,2931.561980194884,2931.56198019488,2931.56198019488
654,Total,2931.561980194884,2931.56198019488,2931.56198019488
655,Total,2931.561980194884,2931.56198019488,2931.56198019488
656,Total,2931.561980194884,2931.56198019488,2931.56198019488
657,Total,2931.561980194884,2931.56198019488,2931.56198019488
658,Total,2931.561980194884,2931.56198019488,2931.56198019488
659,Total,2931.561980194884,2931.56198019488,2931.56198019488
660,Total,2931.561980194884,2931.56198019488,2931.56198019488
661,Total,2931.561980194884,2931.56198019488,2931.56198019488
662,Total,2931.561980194884,2931.56198019488,2931.56198019488
663,Total,2931.561980194884,2931.56198019488,2931.56198019488
664,Total,2931.561980194884,2931.56198019488,2931.56198019488
665,Total,2931.561980194884,2931.56198019488,2931.56198019488
666,Total,2931.561980194884,2931.56198019488,2931.56198019488
667,Total,2931.561980194884,2931.56198019488,2931.56198019488
668,Total,2931.561980194884,2931.56198019488,2931.56198019488
669,Total,2931.561980194884,2931.56198019488,2931.56198019488
670,Total,2931.561980194884,2931.56198019488,2931.56198019488
671,Total,2931.561980194884,2931.56198019488,2931.56198019488
672,Total,2931.561980194884,2931.56198019488,2931.56198019488
673,Total,2931.561980194884,2931.56198019488,2931.56198019488
674,Total,2931.561980194884,2931.56198019488,2931.56198019488
675,Total,2931.561980194884,2931.56198019488,2931.56198019488
676,Total,2931.561980194884,2931.56198019488,2931.56198019488
677,Total,2931.561980194884,2931.56198019488,2931.56198019488
678,Total,2931.561980194884,2931.56198019488,2931.56198019488
679,Total,2931.561980194884,2931.56198019488,2931.56198019488
680,Total,2931.561980194884,2931.56198019488,2931.56198019488
681,Total,2931.561980194884,2931.56198019488,2931.56198019488
682,Total,2931.561980194884,2931.56198019488,2931.56198019488
683,Total,2931.561980194884,2931.56198019488,2931.56198019488
684,Total,2931.561980194884,2931.56198019488,2931.56198019488
685,Total,2931.561980194884,2931.56198019488,2931.56198019488
686,Total,2931.561980194884,2931.56198019488,2931.56198019488
687,Total,2931.561980194884,2931.56198019488,2931.56198019488
688,Total,2931.561980194884,2931.56198019488,2931.56198019488
689,Total,2931.561980194884,2931.56198019488,2931.56198019488
690,Total,2931.561980194884,2931.56198019488,2931.56198019488
691,Total,2931.561980194884,2931.56198019488,2931.56198019488
692,Total,2931.561980194884,2931.56198019488,2931.56198019488
693,Total,2931.561980194884,2931.56198019488,2931.56198019488
694,Total,2931.561980194884,2931.56198019488,2931.56198019488
695,Total,2931.561980194884,2931.56198019488,2931.56198019488
696,Total,2931.561980194884,2931.56198019488,2931.56198019488
697,Total,2931.561980194884,2931.56198019488,2931.56198019488
698,Total,2931.561980194884,2931.56198019488,2931.56198019488
699,Total,2931.561980194884,2931.56198019488,2931.56198019488
700,Total,2931.561980194884,2931.56198019488,2931.56198019488
701,Total,2931.561980194884,2931.56198019488,2931.56198019488
702,Total,2931.561980194884,2931.56198019488,2931.56198019488
703,Total,2931.561980194884,2931.56198019488,2931.56198019488
704,Total,2931.561980194884,2931.56198019488,2931.56198019488
705,Total,2931.561980194884,2931.56198019488,2931.56198019488
706,Total,2931.561980194884,2931.56198019488,2931.56198019488
707,Total,2931.561980194884,2931.56198019488,2931.56198019488
708,Total,2931.561980194884,2931.56198019488,2931.56198019488
709,Total,2931.561980194884,2931.56198019488,2931.56198019488
710,Total,2931.561980194884,2931.56198019488,2931.56198019488
711,Total,2931.561980194884,2931.56198019488,2931.56198019488
712,Total,2931.561980194884,2931.56198019488,2931.56198019488
713,Total,2931.561980194884,2931.56198019488,2931.56198019488
714,Total,2931.561980194884,2931.56198019488,2931.56198019488
715,Total,2931.561980194884,2938.34320986905,2931.56198019488
716,Total,2931.561980194884,2948.25929751899,2931.56198019488
717,Total,2931.561980194884,2962.1908809706,2931.56198019488
718,Total,2931.561980194884,2980.99655159624,2931.56198019488
719,Total,2931.561980194884,3005.38619163055,2931.56198019488
720,Total,2931.561980194884,3035.7775545447,2931.56198019488
721,Total,2931.561980194884,3072.16262191447,2931.56198019488
722,Total,2931.561980194884,3114.01541157956,2931.56198019488
723,Total,2931.561980194884,3160.26989755776,2931.56198019488
724,Total,2931.561980194884,3209.38460121109,2931.56198019488
725,Total,3537.314108709427,3259.49148769322,2934.18428378153
726,Total,3537.314108709427,3308.60619134655,2939.42889095481
727,Total,3537.314108709427,3354.86067732475,2947.29580171474
728,Total,3537.314108709427,3396.71346698984,2957.78501606131
729,Total,3537.314108709427,3433.09853435961,2970.89653399453
730,Total,3537.314108709427,3463.48989727376,2986.63035551439
731,Total,3537.314108709427,3487.87953730807,3004.98648062089
732,Total,3537.314108709427,3506.68520793371,3025.96490931403
733,Total,3537.314108709427,3520.61679138532,3049.56564159382
734,Total,3537.314108709427,3530.53287903526,3075.78867746025
735,Total,3537.314108709427,3537.31410870943,3104.63401691332
736,Total,3537.314108709427,3537.31410870943,3136.10165995304
737,Total,3537.314108709427,3537.31410870943,3170.1916065794
738,Total,3537.314108709427,3537.31410870943,3206.9038567924
739,Total,3537.314108709427,3537.31410870943,3246.23841059205
740,Total,3537.314108709427,3537.31410870943,3288.19526797834
741,Total,3537.314108709427,3537.31410870943,3332.77442895127
742,Total,3537.314108709427,3537.31410870943,3379.97589351084
743,Total,3537.314108709427,3537.31410870943,3429.79966165706
744,Total,3537.314108709427,3537.31410870943,3482.24573338992
745,Total,3537.314108709427,3537.31410870943,3537.31410870943
746,Total,3537.314108709427,3537.31410870943,3537.31410870943
747,Total,3537.314108709427,3537.31410870943,3537.31410870943
748,Total,3537.314108709427,3537.31410870943,3537.31410870943
749,Total,3537.314108709427,3537.31410870943,3537.31410870943
750,Total,3537.314108709427,3537.31410870943,3537.31410870943
751,Total,3537.314108709427,3537.31410870943,3537.31410870943
752,Total,3537.314108709427,3537.31410870943,3537.31410870943
753,Total,3537.314108709427,3537.31410870943,3537.31410870943
754,Total,3537.314108709427,3537.31410870943,3537.31410870943
755,Total,3537.314108709427,3537.31410870943,3537.31410870943
756,Total,3537.314108709427,3537.31410870943,3537.31410870943
757,Total,3537.314108709427,3537.31410870943,3537.31410870943
758,Total,3537.314108709427,3537.31410870943,3537.31410870943
759,Total,3537.314108709427,3537.31410870943,3537.31410870943
760,Total,3537.314108709427,3537.31410870943,3537.31410870943
761,Total,3537.314108709427,3537.31410870943,3537.31410870943
762,Total,3537.314108709427,3537.31410870943,3537.31410870943
763,Total,3537.314108709427,3537.31410870943,3537.31410870943
764,Total,3537.314108709427,3537.31410870943,3537.31410870943
765,Total,3537.314108709427,3537.31410870943,3537.31410870943
766,Total,3537.314108709427,3537.31410870943,3537.31410870943
767,Total,3537.314108709427,3537.31410870943,3537.31410870943
768,Total,3537.314108709427,3537.31410870943,3537.31410870943
769,Total,3537.314108709427,3537.31410870943,3537.31410870943
770,Total,3537.314108709427,3537.31410870943,3537.31410870943
771,Total,3537.314108709427,3537.31410870943,3537.31410870943
772,Total,3537.314108709427,3537.31410870943,3537.31410870943
773,Total,3537.314108709427,3537.31410870943,3537.31410870943
774,Total,3537.314108709427,3537.31410870943,3537.31410870943
775,Total,3537.314108709427,3537.31410870943,3537.31410870943
776,Total,3537.314108709427,3537.31410870943,3537.31410870943
777,Total,3537.314108709427,3537.31410870943,3537.31410870943
778,Total,3537.314108709427,3537.31410870943,3537.31410870943
779,Total,3537.314108709427,3537.31410870943,3537.31410870943
780,Total,3537.314108709427,3537.31410870943,3537.31410870943
781,Total,3537.314108709427,3537.31410870943,3537.31410870943
782,Total,3537.314108709427,3537.31410870943,3537.31410870943
783,Total,3537.314108709427,3537.31410870943,3537.31410870943
784,Total,3537.314108709427,3537.31410870943,3537.31410870943
785,Total,3537.314108709427,3537.31410870943,3537.31410870943
786,Total,3537.314108709427,3537.31410870943,3537.31410870943
787,Total,3537.314108709427,3537.31410870943,3537.31410870943
788,Total,3537.314108709427,3537.31410870943,3537.31410870943
789,Total,3537.314108709427,3537.31410870943,3537.31410870943
790,Total,3537.314108709427,3615.52615498595,3537.31410870943
791,Total,3537.314108709427,3729.89442496423,3537.31410870943
792,Total,3537.314108709427,3890.57585030713,3537.31410870943
793,Total,3537.314108709427,4107.47308752012,3537.31410870943
794,Total,3537.314108709427,4388.77364017633,3537.31410870943
795,Total,3537.314108709427,4739.2957131426,3537.31410870943
796,Total,3537.314108709427,5158.94682505527,3537.31410870943
797,Total,3537.314108709427,5641.66050374972,3537.31410870943
798,Total,3537.314108709427,6175.14162320013,3537.31410870943
799,Total,3537.314108709427,6741.61137272451,3537.31410870943
800,Total,10523.821834288985,7319.5245702739,3567.55873089808
801,Total,10523.821834288985,7885.99431979828,3628.04797527539
802,Total,10523.821834288985,8419.47543924869,3718.78184184136
803,Total,10523.821834288985,8902.18911794314,3839.76033059599
804,Total,10523.821834288985,9321.84022985581,3990.98344153927
805,Total,10523.821834288985,9672.36230282208,4172.45117467121
806,Total,10523.821834288985,9953.66285547829,4384.1635299918
807,Total,10523.821834288985,10170.5600926913,4626.12050750105
808,Total,10523.821834288985,10331.2415180342,4898.32210719895
809,Total,10523.821834288985,10445.6097880125,5200.76832908551
810,Total,10523.821834288985,10523.821834289,5533.45917316073
811,Total,10523.821834288985,10523.821834289,5896.3946394246
812,Total,10523.821834288985,10523.821834289,6289.57472787713
813,Total,10523.821834288985,10523.821834289,6712.99943851832
814,Total,10523.821834288985,10523.821834289,7166.66877134816
815,Total,10523.821834288985,10523.821834289,7650.58272636666
816,Total,10523.821834288985,10523.821834289,8164.74130357381
817,Total,10523.821834288985,10523.821834289,8709.14450296962
818,Total,10523.821834288985,10523.821834289,9283.79232455408
819,Total,10523.821834288985,10523.821834289,9888.6847683272
820,Total,10523.821834288985,10523.821834289,10523.821834289
821,Total,10523.821834288985,10523.821834289,10523.821834289
822,Total,10523.821834288985,10523.821834289,10523.821834289
823,Total,10523.821834288985,10523.821834289,10523.821834289
824,Total,10523.821834288985,10523.821834289,10523.821834289
825,Total,10523.821834288985,10523.821834289,10523.821834289
826,Total,10523.821834288985,10523.821834289,10523.821834289
827,Total,10523.821834288985,10523.821834289,10523.821834289
828,Total,10523.821834288985,10523.821834289,10523.821834289
829,Total,10523.821834288985,10523.821834289,10523.821834289
830,Total,10523.821834288985,10534.9466722821,10523.821834289
831,Total,10523.821834288985,10551.2143514395,10523.821834289
832,Total,10523.821834288985,10574.0695880757,10523.821834289
833,Total,10523.821834288985,10604.9209305483,10523.821834289
834,Total,10523.821834288985,10644.932964815,10523.821834289
835,Total,10523.821834288985,10694.7910296582,10523.821834289
836,Total,10523.821834288985,10754.4819705802,10523.821834289
837,Total,10523.821834288985,10823.1428959519,10523.821834289
838,Total,10523.821834288985,10899.0249538808,10523.821834289
839,Total,10523.821834288985,10979.5992962169,10523.821834289
840,Total,11517.578810167757,11061.8013482399,10528.1238125395
841,Total,11517.578810167757,11142.3756905759,10536.7277690407
842,Total,11517.578810167757,11218.2577485048,10549.6337037923
843,Total,11517.578810167757,11286.9186738765,10566.8416167946
844,Total,11517.578810167757,11346.6096147985,10588.3515080473
845,Total,11517.578810167757,11396.4676796417,10614.1633775507
846,Total,11517.578810167757,11436.4797139085,10644.2772253046
847,Total,11517.578810167757,11467.3310563811,10678.6930513091
848,Total,11517.578810167757,11490.1862930172,10717.4108555641
849,Total,11517.578810167757,11506.4539721746,10760.4306380696
850,Total,11517.578810167757,11517.5788101678,10807.7523988258
851,Total,11517.578810167757,11517.5788101678,10859.3761378325
852,Total,11517.578810167757,11517.5788101678,10915.3018550897
853,Total,11517.578810167757,11517.5788101678,10975.5295505975
854,Total,11517.578810167757,11517.5788101678,11040.0592243559
855,Total,11517.578810167757,11517.5788101678,11108.8908763648
856,Total,11517.578810167757,11517.5788101678,11182.0245066243
857,Total,11517.578810167757,11517.5788101678,11259.4601151343
858,Total,11517.578810167757,11517.5788101678,11341.1977018949
859,Total,11517.578810167757,11517.5788101678,11427.2372669061
860,Total,11517.578810167757,11517.5788101678,11517.5788101678
861,Total,11517.578810167757,11517.5788101678,11517.5788101678
862,Total,11517.578810167757,11517.5788101678,11517.5788101678
863,Total,11517.578810167757,11517.5788101678,11517.5788101678
864,Total,11517.578810167757,11517.5788101678,11517.5788101678
865,Total,11517.578810167757,11517.5788101678,11517.5788101678
866,Total,11517.578810167757,11517.5788101678,11517.5788101678
867,Total,11517.578810167757,11517.5788101678,11517.5788101678
868,Total,11517.578810167757,11517.5788101678,11517.5788101678
869,Total,11517.578810167757,11517.5788101678,11517.5788101678
870,Total,11517.578810167757,11441.6003885482,11517.5788101678
871,Total,11517.578810167757,11330.4983134844,11517.5788101678
872,Total,11517.578810167757,11174.4057208168,11517.5788101678
873,Total,11517.578810167757,10963.7027598072,11517.5788101678
874,Total,11517.578810167757,10690.4357503242,11517.5788101678
875,Total,11517.578810167757,10349.9240885703,11517.5788101678
876,Total,11517.578810167757,9942.25761477299,11517.5788101678
877,Total,11517.578810167757,9473.32955129147,11517.5788101678
878,Total,11517.578810167757,8955.08389286216,11517.5788101678
879,Total,11517.578810167757,8404.79171265346,11517.5788101678
880,Total,4730.595795483985,7843.38289299829,11488.1979313163
881,Total,4730.595795483985,7293.09071278958,11429.4361736134
882,Total,4730.595795483985,6774.84505436027,11341.2935370591
883,Total,4730.595795483985,6305.91699087875,11223.7700216533
884,Total,4730.595795483985,5898.25051708147,11076.8656273961
885,Total,4730.595795483985,5557.73885532754,10900.5803542874
886,Total,4730.595795483985,5284.47184584456,10694.9142023273
887,Total,4730.595795483985,5073.76888483491,10459.8671715157
888,Total,4730.595795483985,4917.67629216737,10195.4392618527
889,Total,4730.595795483985,4806.57421710355,9901.63047333829
890,Total,4730.595795483985,4730.59579548399,9578.44080597239
891,Total,4730.595795483985,4730.59579548399,9225.87025975505
892,Total,4730.595795483985,4730.59579548399,8843.91883468627
893,Total,4730.595795483985,4730.59579548399,8432.58653076604
894,Total,4730.595795483985,4730.59579548399,7991.87334799437
895,Total,4730.595795483985,4730.59579548399,7521.77928637125
896,Total,4730.595795483985,4730.59579548399,7022.30434589669
897,Total,4730.595795483985,4730.59579548399,6493.44852657068
898,Total,4730.595795483985,4730.59579548399,5935.21182839323
899,Total,4730.595795483985,4730.59579548399,5347.59425136433
900,Total,4730.595795483985,4730.59579548399,4730.59579548399
901,Total,4730.595795483985,4730.59579548399,4730.59579548399
902,Total,4730.595795483985,4730.59579548399,4730.59579548399
903,Total,4730.595795483985,4730.59579548399,4730.59579548399
904,Total,4730.595795483985,4730.59579548399,4730.59579548399
905,Total,4730.595795483985,4730.59579548399,4730.59579548399
906,Total,4730.595795483985,4730.59579548399,4730.59579548399
907,Total,4730.595795483985,4730.59579548399,4730.59579548399
908,Total,4730.595795483985,4730.59579548399,4730.59579548399
909,Total,4730.595795483985,4730.59579548399,4730.59579548399
910,Total,4730.595795483985,4724.18277181012,4730.59579548399
911,Total,4730.595795483985,4714.80510612015,4730.59579548399
912,Total,4730.595795483985,4701.62997730392,4730.59579548399
913,Total,4730.595795483985,4683.84541363039,4730.59579548399
914,Total,4730.595795483985,4660.78007792395,4730.59579548399
915,Total,4730.595795483985,4632.03889981698,4730.59579548399
916,Total,4730.595795483985,4597.62946235074,4730.59579548399
917,Total,4730.595795483985,4558.0491879999,4730.59579548399
918,Total,4730.595795483985,4514.3062198579,4730.59579548399
919,Total,4730.595795483985,4467.85833763035,4730.59579548399
920,Total,4157.734688086777,4420.47214594041,4728.11587727014
921,Total,4157.734688086777,4374.02426371286,4723.15604084246
922,Total,4157.734688086777,4330.28129557086,4715.71628620094
923,Total,4157.734688086777,4290.70102122003,4705.79661334558
924,Total,4157.734688086777,4256.29158375378,4693.39702227637
925,Total,4157.734688086777,4227.55040564681,4678.51751299333
926,Total,4157.734688086777,4204.48506994038,4661.15808549644
927,Total,4157.734688086777,4186.70050626684,4641.31873978572
928,Total,4157.734688086777,4173.52537745061,4618.99947586115
929,Total,4157.734688086777,4164.14771176064,4594.20029372274
930,Total,4157.734688086777,4157.73468808678,4566.9211933705
931,Total,4157.734688086777,4157.73468808678,4537.16217480441
932,Total,4157.734688086777,4157.73468808678,4504.92323802448
933,Total,4157.734688086777,4157.73468808678,4470.20438303071
934,Total,4157.734688086777,4157.73468808678,4433.0056098231
935,Total,4157.734688086777,4157.73468808678,4393.32691840165
936,Total,4157.734688086777,4157.73468808678,4351.16830876635
937,Total,4157.734688086777,4157.73468808678,4306.52978091722
938,Total,4157.734688086777,4157.73468808678,4259.41133485425
939,Total,4157.734688086777,4157.73468808678,4209.81297057743
940,Total,4157.734688086777,4157.73468808678,4157.73468808678
941,Total,4157.734688086777,4157.73468808678,4157.73468808678
942,Total,4157.734688086777,4157.73468808678,4157.73468808678
943,Total,4157.734688086777,4157.73468808678,4157.73468808678
944,Total,4157.734688086777,4157.73468808678,4157.73468808678
945,Total,4157.734688086777,4157.73468808678,4157.73468808678
946,Total,4157.734688086777,4157.73468808678,4157.73468808678
947,Total,4157.734688086777,4157.73468808678,4157.73468808678
948,Total,4157.734688086777,4157.73468808678,4157.73468808678
949,Total,4157.734688086777,4157.73468808678,4157.73468808678
950,Total,4157.734688086777,4157.73468808678,4157.73468808678
951,Total,4157.734688086777,4157.73468808678,4157.73468808678
952,Total,4157.734688086777,4157.73468808678,4157.73468808678
953,Total,4157.734688086777,4157.73468808678,4157.73468808678
954,Total,4157.734688086777,4157.73468808678,4157.73468808678
955,Total,4157.734688086777,4157.73468808678,4157.73468808678
956,Total,4157.734688086777,4157.73468808678,4157.73468808678
957,Total,4157.734688086777,4157.73468808678,4157.73468808678
958,Total,4157.734688086777,4157.73468808678,4157.73468808678
959,Total,4157.734688086777,4157.73468808678,4157.73468808678
960,Total,4157.734688086777,4157.73468808678,4157.73468808678
961,Total,4157.734688086777,4157.73468808678,4157.73468808678
962,Total,4157.734688086777,4157.73468808678,4157.73468808678
963,Total,4157.734688086777,4157.73468808678,4157.73468808678
964,Total,4157.734688086777,4157.73468808678,4157.73468808678
965,Total,4157.734688086777,4157.73468808678,4157.73468808678
966,Total,4157.734688086777,4157.73468808678,4157.73468808678
967,Total,4157.734688086777,4157.73468808678,4157.73468808678
968,Total,4157.734688086777,4157.73468808678,4157.73468808678
969,Total,4157.734688086777,4157.73468808678,4157.73468808678
970,Total,4157.734688086777,4207.34987242679,4157.73468808678
971,Total,4157.734688086777,4279.90139188913,4157.73468808678
972,Total,4157.734688086777,4381.83247434946,4157.73468808678
973,Total,4157.734688086777,4519.42504377431,4157.73468808678
974,Total,4157.734688086777,4697.87298676304,4157.73468808678
975,Total,4157.734688086777,4920.23281614247,4157.73468808678
976,Total,4157.734688086777,5186.44586473634,4157.73468808678
977,Total,4157.734688086777,5492.66375944777,4157.73468808678
978,Total,4157.734688086777,5831.08687127719,4157.73468808678
979,Total,4157.734688086777,6190.43689961328,4157.73468808678
980,Total,8589.748491586915,6557.04628006041,4176.92089502834
981,Total,8589.748491586915,6916.3963083965,4215.29330891145
982,Total,8589.748491586915,7254.81942022592,4272.85192973613
983,Total,8589.748491586915,7561.03731493735,4349.59675750237
984,Total,8589.748491586915,7827.25036353122,4445.52779221016
985,Total,8589.748491586915,8049.61019291066,4560.64503385952
986,Total,8589.748491586915,8228.05813589939,4694.94848245043
987,Total,8589.748491586915,8365.65070532423,4848.4381379829
988,Total,8589.748491586915,8467.58178778457,5021.11400045693
989,Total,8589.748491586915,8540.1333072469,5212.97606987252
990,Total,8589.748491586915,8589.74849158692,5424.02434622967
991,Total,8589.748491586915,8589.74849158692,5654.25882952838
992,Total,8589.748491586915,8589.74849158692,5903.67951976865
993,Total,8589.748491586915,8589.74849158692,6172.28641695048
994,Total,8589.748491586915,8589.74849158692,6460.07952107386
995,Total,8589.748491586915,8589.74849158692,6767.05883213881
996,Total,8589.748491586915,8589.74849158692,7093.22435014531
997,Total,8589.748491586915,8589.74849158692,7438.57607509337
998,Total,8589.748491586915,8589.74849158692,7803.114006983
999,Total,8589.748491586915,8589.74849158692,8186.83814581418
1000,Total,8589.748491586915,8589.74849158692,8589.74849158692
1001,Total,8589.748491586915,8589.74849158692,8589.74849158692
1002,Total,8589.748491586915,8589.74849158692,8589.74849158692
1003,Total,8589.748491586915,8589.74849158692,8589.74849158692
1004,Total,8589.748491586915,8589.74849158692,8589.74849158692
1005,Total,8589.748491586915,8589.74849158692,8589.74849158692
1006,Total,8589.748491586915,8589.74849158692,8589.74849158692
1007,Total,8589.748491586915,8589.74849158692,8589.74849158692
1008,Total,8589.748491586915,8589.74849158692,8589.74849158692
1009,Total,8589.748491586915,8589.74849158692,8589.74849158692
1010,Total,8589.748491586915,8598.61600912312,8589.74849158692
1011,Total,8589.748491586915,8611.58284336286,8589.74849158692
1012,Total,8589.748491586915,8629.80056588522,8589.74849158692
1013,Total,8589.748491586915,8654.39191908599,8589.74849158692
1014,Total,8589.748491586915,8686.28518492391,8589.74849158692
1015,Total,8589.748491586915,8726.02664134696,8589.74849158692
1016,Total,8589.748491586915,8773.6058030124,8589.74849158692
1017,Total,8589.748491586915,8828.33486604774,8589.74849158692
1018,Total,8589.748491586915,8888.81983488793,8589.74849158692
1019,Total,8589.748491586915,8953.0449853191,8589.74849158692
1020,Total,9381.864063584591,9018.5675698524,8593.17756332716
1021,Total,9381.864063584591,9082.79272028357,8600.03570680766
1022,Total,9381.864063584591,9143.27768912376,8610.32292202841
1023,Total,9381.864063584591,9198.00675215911,8624.03920898941
1024,Total,9381.864063584591,9245.58591382454,8641.18456769066
1025,Total,9381.864063584591,9285.3273702476,8661.75899813216
1026,Total,9381.864063584591,9317.22063608551,8685.76250031391
1027,Total,9381.864063584591,9341.81198928629,8713.1950742359
1028,Total,9381.864063584591,9360.02971180865,8744.05671989815
1029,Total,9381.864063584591,9372.99654604838,8778.34743730065
1030,Total,9381.864063584591,9381.86406358459,8816.06722644339
1031,Total,9381.864063584591,9381.86406358459,8857.21608732639
1032,Total,9381.864063584591,9381.86406358459,8901.79401994964
1033,Total,9381.864063584591,9381.86406358459,8949.80102431313
1034,Total,9381.864063584591,9381.86406358459,9001.23710041688
1035,Total,9381.864063584591,9381.86406358459,9056.10224826087
1036,Total,9381.864063584591,9381.86406358459,9114.39646784512
1037,Total,9381.864063584591,9381.86406358459,9176.11975916961
1038,Total,9381.864063584591,9381.86406358459,9241.27212223435
1039,Total,9381.864063584591,9381.86406358459,9309.85355703935
1040,Total,9381.864063584591,9381.86406358459,9381.86406358459
1041,Total,9381.864063584591,9381.86406358459,9381.86406358459
1042,Total,9381.864063584591,9381.86406358459,9381.86406358459
1043,Total,9381.864063584591,9381.86406358459,9381.86406358459
1044,Total,9381.864063584591,9381.86406358459,9381.86406358459
1045,Total,9381.864063584591,9381.86406358459,9381.86406358459
1046,Total,9381.864063584591,9381.86406358459,9381.86406358459
1047,Total,9381.864063584591,9381.86406358459,9381.86406358459
1048,Total,9381.864063584591,9381.86406358459,9381.86406358459
1049,Total,9381.864063584591,9381.86406358459,9381.86406358459
1050,Total,9381.864063584591,9440.66375956256,9381.86406358459
1051,Total,9381.864063584591,9526.64564885456,9381.86406358459
1052,Total,9381.864063584591,9647.44569704746,9381.86406358459
1053,Total,9381.864063584591,9810.50870605625,9381.86406358459
1054,Total,9381.864063584591,10021.990028462,9381.86406358459
1055,Total,9381.864063584591,10285.5119832657,9381.86406358459
1056,Total,9381.864063584591,10601.0050431204,9381.86406358459
1057,Total,9381.864063584591,10963.9084435926,9381.86406358459
1058,Total,9381.864063584591,11364.9787278653,9381.86406358459
1059,Total,9381.864063584591,11790.8498134393,9381.86406358459
1060,Total,14634.309815475266,12225.3240656206,9404.60192398239
1061,Total,14634.309815475266,12651.1951511946,9450.07764477798
1062,Total,14634.309815475266,13052.2654354672,9518.29122597136
1063,Total,14634.309815475266,13415.1688359394,9609.24266756254
1064,Total,14634.309815475266,13730.6618957942,9722.93196955152
1065,Total,14634.309815475266,13994.1838505978,9859.35913193829
1066,Total,14634.309815475266,14205.6651730036,10018.5241547229
1067,Total,14634.309815475266,14368.7281820124,10200.4270379052
1068,Total,14634.309815475266,14489.5282302053,10405.0677814854
1069,Total,14634.309815475266,14575.5101194973,10632.4463854633
1070,Total,14634.309815475266,14634.3098154753,10882.5628498391
1071,Total,14634.309815475266,14634.3098154753,11155.4171746126
1072,Total,14634.309815475266,14634.3098154753,11451.0093597839
1073,Total,14634.309815475266,14634.3098154753,11769.3394053531
1074,Total,14634.309815475266,14634.3098154753,12110.40731132
1075,Total,14634.309815475266,14634.3098154753,12474.2130776847
1076,Total,14634.309815475266,14634.3098154753,12860.7567044472
1077,Total,14634.309815475266,14634.3098154753,13270.0381916076
1078,Total,14634.309815475266,14634.3098154753,13702.0575391657
1079,Total,14634.309815475266,14634.3098154753,14156.8147471216
1080,Total,14634.309815475266,14634.3098154753,14634.3098154753
1081,Total,14634.309815475266,14634.3098154753,14634.3098154753
1082,Total,14634.309815475266,14634.3098154753,14634.3098154753
1083,Total,14634.309815475266,14634.3098154753,14634.3098154753
1084,Total,14634.309815475266,14634.3098154753,14634.3098154753
1085,Total,14634.309815475266,14634.3098154753,14634.3098154753
1086,Total,14634.309815475266,14634.3098154753,14634.3098154753
1087,Total,14634.309815475266,14634.3098154753,14634.3098154753
1088,Total,14634.309815475266,14634.3098154753,14634.3098154753
1089,Total,14634.309815475266,14634.3098154753,14634.3098154753
1090,Total,14634.309815475266,14702.6689874308,14634.3098154753
1091,Total,14634.309815475266,14802.6295511279,14634.3098154753
1092,Total,14634.309815475266,14943.0689042455,14634.3098154753
1093,Total,14634.309815475266,15132.6422019816,14634.3098154753
1094,Total,14634.309815475266,15378.505515444,14634.3098154753
1095,Total,14634.309815475266,15684.8700692546,14634.3098154753
1096,Total,14634.309815475266,16051.6550325216,14634.3098154753
1097,Total,14634.309815475266,16473.5581655826,14634.3098154753
1098,Total,14634.309815475266,16939.8332384865,14634.3098154753
1099,Total,14634.309815475266,17434.941151639,14634.3098154753
1100,Total,20740.682244258853,17940.0509080951,14660.744328154
1101,Total,20740.682244258853,18435.1588212476,14713.6133535114
1102,Total,20740.682244258853,18901.4338941515,14792.9168915476
1103,Total,20740.682244258853,19323.3370272125,14898.6549422624
1104,Total,20740.682244258853,19690.1219904796,15030.827505656
1105,Total,20740.682244258853,19996.4865442901,15189.4345817283
1106,Total,20740.682244258853,20242.3498577525,15374.4761704793
1107,Total,20740.682244258853,20431.9231554886,15585.9522719091
1108,Total,20740.682244258853,20572.3625086062,15823.8628860175
1109,Total,20740.682244258853,20672.3230723033,16088.2080128047
1110,Total,20740.682244258853,20740.6822442589,16378.9876522706
1111,Total,20740.682244258853,20740.6822442589,16696.2018044152
1112,Total,20740.682244258853,20740.6822442589,17039.8504692385
1113,Total,20740.682244258853,20740.6822442589,17409.9336467405
1114,Total,20740.682244258853,20740.6822442589,17806.4513369213
1115,Total,20740.682244258853,20740.6822442589,18229.4035397808
1116,Total,20740.682244258853,20740.6822442589,18678.7902553189
1117,Total,20740.682244258853,20740.6822442589,19154.6114835358
1118,Total,20740.682244258853,20740.6822442589,19656.8672244315
1119,Total,20740.682244258853,20740.6822442589,20185.5574780058
1120,Total,20740.682244258853,20740.6822442589,20740.6822442589
1121,Total,20740.682244258853,20740.6822442589,20740.6822442589
1122,Total,20740.682244258853,20740.6822442589,20740.6822442589
1123,Total,20740.682244258853,20740.6822442589,20740.6822442589
1124,Total,20740.682244258853,20740.6822442589,20740.6822442589
1125,Total,20740.682244258853,20740.6822442589,20740.6822442589
1126,Total,20740.682244258853,20740.6822442589,20740.6822442589
1127,Total,20740.682244258853,20740.6822442589,20740.6822442589
1128,Total,20740.682244258853,20740.6822442589,20740.6822442589
1129,Total,20740.682244258853,20740.6822442589,20740.6822442589
1130,Total,20740.682244258853,20743.5578939321,20740.6822442589
1131,Total,20740.682244258853,20747.7629121338,20740.6822442589
1132,Total,20740.682244258853,20753.6707423247,20740.6822442589
1133,Total,20740.682244258853,20761.6454789414,20740.6822442589
1134,Total,20740.682244258853,20771.988154793,20740.6822442589
1135,Total,20740.682244258853,20784.8759225036,20740.6822442589
1136,Total,20740.682244258853,20800.3053817786,20740.6822442589
1137,Total,20740.682244258853,20818.0534845131,20740.6822442589
1138,Total,20740.682244258853,20837.6681715064,20740.6822442589
1139,Total,20740.682244258853,20858.4957630049,20740.6822442589
1140,Total,20997.557618507162,20879.7440997612,20741.794258866
1141,Total,20997.557618507162,20900.5716912596,20744.0182880803
1142,Total,20997.557618507162,20920.1863782529,20747.3543319017
1143,Total,20997.557618507162,20937.9344809875,20751.8023903302
1144,Total,20997.557618507162,20953.3639402625,20757.3624633659
1145,Total,20997.557618507162,20966.2517079731,20764.0345510087
1146,Total,20997.557618507162,20976.5943838246,20771.8186532587
1147,Total,20997.557618507162,20984.5691204413,20780.7147701157
1148,Total,20997.557618507162,20990.4769506322,20790.72290158
1149,Total,20997.557618507162,20994.6819688339,20801.8430476513
1150,Total,20997.557618507162,20997.5576185072,20814.0752083298
1151,Total,20997.557618507162,20997.5576185072,20827.4193836154
1152,Total,20997.557618507162,20997.5576185072,20841.8755735082
1153,Total,20997.557618507162,20997.5576185072,20857.4437780081
1154,Total,20997.557618507162,20997.5576185072,20874.1239971151
1155,Total,20997.557618507162,20997.5576185072,20891.9162308293
1156,Total,20997.557618507162,20997.5576185072,20910.8204791506
1157,Total,20997.557618507162,20997.5576185072,20930.836742079
1158,Total,20997.557618507162,20997.5576185072,20951.9650196146
1159,Total,20997.557618507162,20997.5576185072,20974.2053117573
1160,Total,20997.557618507162,20997.5576185072,20997.5576185072
1161,Total,20997.557618507162,20997.5576185072,20997.5576185072
1162,Total,20997.557618507162,20997.5576185072,20997.5576185072
1163,Total,20997.557618507162,20997.5576185072,20997.5576185072
1164,Total,20997.557618507162,20997.5576185072,20997.5576185072
1165,Total,20997.557618507162,20997.5576185072,20997.5576185072
1166,Total,20997.557618507162,20997.5576185072,20997.5576185072
1167,Total,20997.557618507162,20997.5576185072,20997.5576185072
1168,Total,20997.557618507162,20997.5576185072,20997.5576185072
1169,Total,20997.557618507162,20997.5576185072,20997.5576185072
1170,Total,20997.557618507162,20977.1877572946,20997.5576185072
1171,Total,20997.557618507162,20947.4012231547,20997.5576185072
1172,Total,20997.557618507162,20905.5527037834,20997.5576185072
1173,Total,20997.557618507162,20849.0631113262,20997.5576185072
1174,Total,20997.557618507162,20775.8000592849,20997.5576185072
1175,Total,20997.557618507162,20684.5086749244,20997.5576185072
1176,Total,20997.557618507162,20575.2130444647,20997.5576185072
1177,Total,20997.557618507162,20449.4931444172,20997.5576185072
1178,Total,20997.557618507162,20310.5511670614,20997.5576185072
1179,Total,20997.557618507162,20163.0174976557,20997.5576185072
1180,Total,19177.963329577415,20012.5034504289,20989.6805869534
1181,Total,19177.963329577415,19864.9697810232,20973.9265238457
1182,Total,19177.963329577415,19726.0278036674,20950.2954291843
1183,Total,19177.963329577415,19600.3079036199,20918.7873029691
1184,Total,19177.963329577415,19491.0122731601,20879.4021452
1185,Total,19177.963329577415,19399.7208887997,20832.1399558772
1186,Total,19177.963329577415,19326.4578367584,20777.0007350005
1187,Total,19177.963329577415,19269.9682443011,20713.9844825701
1188,Total,19177.963329577415,19228.1197249299,20643.0911985858
1189,Total,19177.963329577415,19198.3331907899,20564.3208830477
1190,Total,19177.963329577415,19177.9633295774,20477.6735359558
1191,Total,19177.963329577415,19177.9633295774,20383.1491573101
1192,Total,19177.963329577415,19177.9633295774,20280.7477471106
1193,Total,19177.963329577415,19177.9633295774,20170.4693053573
1194,Total,19177.963329577415,19177.9633295774,20052.3138320501
1195,Total,19177.963329577415,19177.9633295774,19926.2813271892
1196,Total,19177.963329577415,19177.9633295774,19792.3717907745
1197,Total,19177.963329577415,19177.9633295774,19650.5852228059
1198,Total,19177.963329577415,19177.9633295774,19500.9216232836
1199,Total,19177.963329577415,19177.9633295774,19343.3809922074
1200,Total,19177.963329577415,19177.9633295774,19177.9633295774
1201,Total,19177.963329577415,19177.9633295774,19177.9633295774
1202,Total,19177.963329577415,19177.9633295774,19177.9633295774
1203,Total,19177.963329577415,19177.9633295774,19177.9633295774
1204,Total,19177.963329577415,19177.9633295774,19177.9633295774
1205,Total,19177.963329577415,19177.9633295774,19177.9633295774
1206,Total,19177.963329577415,19177.9633295774,19177.9633295774
1207,Total,19177.963329577415,19177.9633295774,19177.9633295774
1208,Total,19177.963329577415,19177.9633295774,19177.9633295774
1209,Total,19177.963329577415,19177.9633295774,19177.9633295774
1210,Total,19177.963329577415,19177.9633295774,19177.9633295774
1211,Total,19177.963329577415,19177.9633295774,19177.9633295774
1212,Total,19177.963329577415,19177.9633295774,19177.9633295774
1213,Total,19177.963329577415,19177.9633295774,19177.9633295774
1214,Total,19177.963329577415,19177.9633295774,19177.9633295774
1215,Total,19177.963329577415,19262.1172390437,19177.9633295774
1216,Total,19177.963329577415,19385.1742039968,19177.9633295774
1217,Total,19177.963329577415,19558.0627904097,19177.9633295774
1218,Total,19177.963329577415,19791.4379715086,19177.9633295774
1219,Total,19177.963329577415,20094.1092653569,19177.9633295774
1220,Total,19177.963329577415,20471.2609216379,19177.9633295774
1221,Total,19177.963329577415,20922.7934330677,19177.9633295774
1222,Total,19177.963329577415,21442.1794502977,19177.9633295774
1223,Total,19177.963329577415,22016.1897717953,19177.9633295774
1224,Total,19177.963329577415,22625.6949092558,19177.9633295774
1225,Total,26695.244446924495,23247.5128672461,19210.5056720767
1226,Total,26695.244446924495,23857.0180047066,19275.5903570754
1227,Total,26695.244446924495,24431.0283262043,19373.2173845734
1228,Total,26695.244446924495,24950.4143434342,19503.3867545708
1229,Total,26695.244446924495,25401.946854864,19666.0984670675
1230,Total,26695.244446924495,25779.0985111451,19861.3525220635
1231,Total,26695.244446924495,26081.7698049933,20089.1489195589
1232,Total,26695.244446924495,26315.1449860922,20349.4876595536
1233,Total,26695.244446924495,26488.0335725051,20642.3687420476
1234,Total,26695.244446924495,26611.0905374583,20967.792167041
1235,Total,26695.244446924495,26695.2444469245,21325.7579345337
1236,Total,26695.244446924495,26695.2444469245,21716.2660445258
1237,Total,26695.244446924495,26695.2444469245,22139.3164970172
1238,Total,26695.244446924495,26695.2444469245,22594.9092920079
1239,Total,26695.244446924495,26695.2444469245,23083.044429498
1240,Total,26695.244446924495,26695.2444469245,23603.7219094874
1241,Total,26695.244446924495,26695.2444469245,24156.9417319761
1242,Total,26695.244446924495,26695.2444469245,24742.7038969642
1243,Total,26695.244446924495,26695.2444469245,25361.0084044516
1244,Total,26695.244446924495,26695.2444469245,26011.8552544384
1245,Total,26695.244446924495,26695.2444469245,26695.2444469245
1246,Total,26695.244446924495,26695.2444469245,26695.2444469245
1247,Total,26695.244446924495,26695.2444469245,26695.2444469245
1248,Total,26695.244446924495,26695.2444469245,26695.2444469245
1249,Total,26695.244446924495,26695.2444469245,26695.2444469245
1250,Total,26695.244446924495,26640.3576595571,26695.2444469245
1251,Total,26695.244446924495,26560.0975562261,26695.2444469245
1252,Total,26695.244446924495,26447.3363174329,26695.2444469245
1253,Total,26695.244446924495,26295.1245660947,26695.2444469245
1254,Total,26695.244446924495,26097.7165662401,26695.2444469245
1255,Total,26695.244446924495,25851.7310511895,26695.2444469245
1256,Total,26695.244446924495,25557.2329214945,26695.2444469245
1257,Total,26695.244446924495,25218.4794390938,26695.2444469245
1258,Total,26695.244446924495,24844.0989419477,26695.2444469245
1259,Total,26695.244446924495,24446.5680477642,26695.2444469245
1260,Total,21792.33009765583,24041.0064968161,26674.0197094818
1261,Total,21792.33009765583,23643.4756026326,26631.5702345963
1262,Total,21792.33009765583,23269.0951054865,26567.8960222682
1263,Total,21792.33009765583,22930.3416230859,26482.9970724973
1264,Total,21792.33009765583,22635.8434933908,26376.8733852837
1265,Total,21792.33009765583,22389.8579783402,26249.5249606273
1266,Total,21792.33009765583,22192.4499784856,26100.9517985283
1267,Total,21792.33009765583,22040.2382271474,25931.1538989865
1268,Total,21792.33009765583,21927.4769883542,25740.131262002
1269,Total,21792.33009765583,21847.2168850233,25527.8838875748
1270,Total,21792.33009765583,NA,25294.4117757049
1271,Total,21792.33009765583,NA,25039.7149263922
1272,Total,21792.33009765583,NA,24763.7933396368
1273,Total,21792.33009765583,NA,24466.6470154387
1274,Total,21792.33009765583,NA,24148.2759537979
1275,Total,21792.33009765583,NA,23808.6801547144
1276,Total,21792.33009765583,NA,23447.8596181881
1277,Total,21792.33009765583,NA,23065.8143442191
1278,Total,21792.33009765583,NA,22662.5443328074
1279,Total,21792.33009765583,NA,22238.049583953
